-- phpMyAdmin SQL Dump
-- version 4.0.10deb1
-- http://www.phpmyadmin.net
--
-- Servidor: localhost
-- Tiempo de generación: 09-12-2015 a las 19:39:28
-- Versión del servidor: 5.5.46-0ubuntu0.14.04.2
-- Versión de PHP: 5.5.9-1ubuntu4.14

SET SQL_MODE = "NO_AUTO_VALUE_ON_ZERO";
SET time_zone = "+00:00";


/*!40101 SET @OLD_CHARACTER_SET_CLIENT=@@CHARACTER_SET_CLIENT */;
/*!40101 SET @OLD_CHARACTER_SET_RESULTS=@@CHARACTER_SET_RESULTS */;
/*!40101 SET @OLD_COLLATION_CONNECTION=@@COLLATION_CONNECTION */;
/*!40101 SET NAMES utf8 */;

--
-- Base de datos: `cadena_favores_development`
--

-- --------------------------------------------------------

--
-- Estructura de tabla para la tabla `balances`
--

CREATE TABLE IF NOT EXISTS `balances` (
  `id` int(11) NOT NULL AUTO_INCREMENT,
  `user_id` int(11) DEFAULT NULL,
  `frozen_points` int(11) DEFAULT '0',
  `usable_points` int(11) DEFAULT '0',
  `created_at` datetime DEFAULT NULL,
  `updated_at` datetime DEFAULT NULL,
  PRIMARY KEY (`id`),
  KEY `index_balances_on_user_id` (`user_id`) USING BTREE
) ENGINE=InnoDB  DEFAULT CHARSET=utf8 COLLATE=utf8_unicode_ci AUTO_INCREMENT=53 ;

--
-- Volcado de datos para la tabla `balances`
--

INSERT INTO `balances` (`id`, `user_id`, `frozen_points`, `usable_points`, `created_at`, `updated_at`) VALUES
(1, 1, 180, 320, '2015-11-29 08:21:27', '2015-12-10 01:27:21'),
(2, 2, 200, 440, '2015-11-29 08:21:27', '2015-12-10 01:27:21'),
(3, 3, 0, 10, '2015-11-29 08:21:28', '2015-11-29 08:21:28'),
(4, 4, 0, 10, '2015-11-29 08:21:29', '2015-11-29 08:21:29'),
(5, 5, 0, 10, '2015-11-29 08:21:29', '2015-11-29 08:21:29'),
(6, 6, 0, 10, '2015-11-29 08:21:29', '2015-11-29 08:21:29'),
(7, 7, 0, 10, '2015-11-29 08:21:29', '2015-11-29 08:21:29'),
(8, 8, 0, 10, '2015-11-29 08:21:29', '2015-11-29 08:21:29'),
(9, 9, 0, 10, '2015-11-29 08:21:29', '2015-11-29 08:21:29'),
(10, 10, 0, 10, '2015-11-29 08:21:30', '2015-11-29 08:21:30'),
(11, 11, 0, 10, '2015-11-29 08:21:30', '2015-11-29 08:21:30'),
(12, 12, 0, 10, '2015-11-29 08:21:30', '2015-11-29 08:21:30'),
(13, 13, 0, 10, '2015-11-29 08:21:30', '2015-11-29 08:21:30'),
(14, 14, 0, 10, '2015-11-29 08:21:30', '2015-11-29 08:21:30'),
(15, 15, 0, 10, '2015-11-29 08:21:31', '2015-11-29 08:21:31'),
(16, 16, 0, 10, '2015-11-29 08:21:31', '2015-11-29 08:21:31'),
(17, 17, 0, 10, '2015-11-29 08:21:31', '2015-11-29 08:21:31'),
(18, 18, 0, 10, '2015-11-29 08:21:32', '2015-11-29 08:21:32'),
(19, 19, 0, 10, '2015-11-29 08:21:32', '2015-11-29 08:21:33'),
(20, 20, 0, 10, '2015-11-29 08:21:33', '2015-11-29 08:21:33'),
(21, 21, 0, 10, '2015-11-29 08:21:33', '2015-11-29 08:21:33'),
(22, 22, 0, 10, '2015-11-29 08:21:33', '2015-11-29 08:21:34'),
(23, 23, 0, 10, '2015-11-29 08:21:34', '2015-11-29 08:21:34'),
(24, 24, 0, 10, '2015-11-29 08:21:34', '2015-11-29 08:21:34'),
(25, 25, 0, 10, '2015-11-29 08:21:34', '2015-11-29 08:21:34'),
(26, 26, 0, 10, '2015-11-29 08:21:34', '2015-11-29 08:21:34'),
(27, 27, 0, 10, '2015-11-29 08:21:34', '2015-11-29 08:21:34'),
(28, 28, 0, 10, '2015-11-29 08:21:35', '2015-11-29 08:21:35'),
(29, 29, 0, 10, '2015-11-29 08:21:35', '2015-11-29 08:21:35'),
(30, 30, 0, 10, '2015-11-29 08:21:35', '2015-11-29 08:21:35'),
(31, 31, 0, 10, '2015-11-29 08:21:35', '2015-11-29 08:21:35'),
(32, 32, 0, 10, '2015-11-29 08:21:35', '2015-11-29 08:21:35'),
(33, 33, 0, 10, '2015-11-29 08:21:36', '2015-11-29 08:21:36'),
(34, 34, 0, 10, '2015-11-29 08:21:36', '2015-11-29 08:21:36'),
(35, 35, 0, 10, '2015-11-29 08:21:36', '2015-11-29 08:21:36'),
(36, 36, 0, 10, '2015-11-29 08:21:36', '2015-11-29 08:21:36'),
(37, 37, 0, 10, '2015-11-29 08:21:36', '2015-11-29 08:21:36'),
(38, 38, 0, 10, '2015-11-29 08:21:36', '2015-11-29 08:21:36'),
(39, 39, 0, 10, '2015-11-29 08:21:37', '2015-11-29 08:21:37'),
(40, 40, 0, 10, '2015-11-29 08:21:37', '2015-11-29 08:21:37'),
(41, 41, 0, 10, '2015-11-29 08:21:37', '2015-11-29 08:21:37'),
(42, 42, 0, 10, '2015-11-29 08:21:37', '2015-11-29 08:21:37'),
(43, 43, 0, 10, '2015-11-29 08:21:37', '2015-11-29 08:21:37'),
(44, 44, 0, 10, '2015-11-29 08:21:38', '2015-11-29 08:21:38'),
(45, 45, 0, 10, '2015-11-29 08:21:38', '2015-11-29 08:21:38'),
(46, 46, 0, 10, '2015-11-29 08:21:38', '2015-11-29 08:21:38'),
(47, 47, 0, 10, '2015-11-29 08:21:38', '2015-11-29 08:21:38'),
(48, 48, 0, 10, '2015-11-29 08:21:38', '2015-11-29 08:21:38'),
(49, 49, 0, 10, '2015-11-29 08:21:39', '2015-11-29 08:21:39'),
(50, 50, 0, 10, '2015-11-29 08:21:39', '2015-11-29 08:21:39'),
(51, 51, 0, 10, '2015-12-09 08:20:38', '2015-12-09 08:20:38'),
(52, 52, 0, 70, '2015-12-10 00:23:02', '2015-12-10 00:49:03');

-- --------------------------------------------------------

--
-- Estructura de tabla para la tabla `offers`
--

CREATE TABLE IF NOT EXISTS `offers` (
  `id` int(11) NOT NULL AUTO_INCREMENT,
  `user_id` int(11) DEFAULT NULL,
  `service_request_id` int(11) DEFAULT NULL,
  `accepted` tinyint(1) DEFAULT '0',
  `created_at` datetime DEFAULT NULL,
  `updated_at` datetime DEFAULT NULL,
  PRIMARY KEY (`id`),
  KEY `index_offers_on_service_request_id` (`service_request_id`) USING BTREE,
  KEY `index_offers_on_user_id` (`user_id`) USING BTREE
) ENGINE=InnoDB  DEFAULT CHARSET=utf8 COLLATE=utf8_unicode_ci AUTO_INCREMENT=1259 ;

--
-- Volcado de datos para la tabla `offers`
--

INSERT INTO `offers` (`id`, `user_id`, `service_request_id`, `accepted`, `created_at`, `updated_at`) VALUES
(1, 29, 244, 0, '2015-11-29 08:21:55', '2015-11-29 08:21:55'),
(2, 35, 244, 0, '2015-11-29 08:21:55', '2015-11-29 08:21:55'),
(3, 39, 244, 0, '2015-11-29 08:21:55', '2015-11-29 08:21:55'),
(4, 37, 244, 0, '2015-11-29 08:21:55', '2015-11-29 08:21:55'),
(5, 10, 244, 0, '2015-11-29 08:21:55', '2015-11-29 08:21:55'),
(6, 39, 240, 0, '2015-11-29 08:21:56', '2015-11-29 08:21:56'),
(7, 41, 240, 0, '2015-11-29 08:21:56', '2015-11-29 08:21:56'),
(8, 50, 240, 0, '2015-11-29 08:21:56', '2015-11-29 08:21:56'),
(9, 42, 240, 0, '2015-11-29 08:21:56', '2015-11-29 08:21:56'),
(10, 39, 240, 0, '2015-11-29 08:21:56', '2015-11-29 08:21:56'),
(11, 30, 241, 0, '2015-11-29 08:21:56', '2015-11-29 08:21:56'),
(12, 41, 241, 0, '2015-11-29 08:21:56', '2015-11-29 08:21:56'),
(13, 44, 241, 0, '2015-11-29 08:21:56', '2015-11-29 08:21:56'),
(14, 41, 241, 0, '2015-11-29 08:21:56', '2015-11-29 08:21:56'),
(15, 3, 241, 0, '2015-11-29 08:21:56', '2015-11-29 08:21:56'),
(16, 46, 242, 1, '2015-11-29 08:21:56', '2015-11-29 08:21:57'),
(17, 17, 242, 0, '2015-11-29 08:21:56', '2015-11-29 08:21:56'),
(18, 34, 242, 0, '2015-11-29 08:21:56', '2015-11-29 08:21:56'),
(19, 12, 242, 0, '2015-11-29 08:21:56', '2015-11-29 08:21:56'),
(20, 41, 242, 0, '2015-11-29 08:21:56', '2015-11-29 08:21:56'),
(21, 43, 243, 1, '2015-11-29 08:21:57', '2015-11-29 08:21:57'),
(22, 34, 243, 0, '2015-11-29 08:21:57', '2015-11-29 08:21:57'),
(23, 40, 243, 0, '2015-11-29 08:21:57', '2015-11-29 08:21:57'),
(24, 7, 243, 0, '2015-11-29 08:21:57', '2015-11-29 08:21:57'),
(25, 16, 243, 0, '2015-11-29 08:21:57', '2015-11-29 08:21:57'),
(26, 15, 250, 0, '2015-11-29 08:21:57', '2015-11-29 08:21:57'),
(27, 41, 250, 0, '2015-11-29 08:21:57', '2015-11-29 08:21:57'),
(28, 13, 250, 0, '2015-11-29 08:21:57', '2015-11-29 08:21:57'),
(29, 6, 250, 0, '2015-11-29 08:21:57', '2015-11-29 08:21:57'),
(30, 33, 250, 0, '2015-11-29 08:21:57', '2015-11-29 08:21:57'),
(31, 8, 245, 0, '2015-11-29 08:21:57', '2015-11-29 08:21:57'),
(32, 22, 245, 0, '2015-11-29 08:21:57', '2015-11-29 08:21:57'),
(33, 42, 245, 0, '2015-11-29 08:21:57', '2015-11-29 08:21:57'),
(34, 29, 245, 0, '2015-11-29 08:21:57', '2015-11-29 08:21:57'),
(35, 24, 245, 0, '2015-11-29 08:21:57', '2015-11-29 08:21:57'),
(36, 17, 246, 0, '2015-11-29 08:21:58', '2015-11-29 08:21:58'),
(37, 35, 246, 0, '2015-11-29 08:21:58', '2015-11-29 08:21:58'),
(38, 23, 246, 0, '2015-11-29 08:21:58', '2015-11-29 08:21:58'),
(39, 22, 246, 0, '2015-11-29 08:21:59', '2015-11-29 08:21:59'),
(40, 46, 246, 0, '2015-11-29 08:21:59', '2015-11-29 08:21:59'),
(41, 14, 247, 1, '2015-11-29 08:21:59', '2015-11-29 08:21:59'),
(42, 22, 247, 0, '2015-11-29 08:21:59', '2015-11-29 08:21:59'),
(43, 47, 247, 0, '2015-11-29 08:21:59', '2015-11-29 08:21:59'),
(44, 42, 247, 0, '2015-11-29 08:21:59', '2015-11-29 08:21:59'),
(45, 30, 247, 0, '2015-11-29 08:21:59', '2015-11-29 08:21:59'),
(46, 8, 248, 1, '2015-11-29 08:21:59', '2015-11-29 08:21:59'),
(47, 29, 248, 0, '2015-11-29 08:21:59', '2015-11-29 08:21:59'),
(48, 38, 248, 0, '2015-11-29 08:21:59', '2015-11-29 08:21:59'),
(49, 19, 248, 0, '2015-11-29 08:21:59', '2015-11-29 08:21:59'),
(50, 41, 248, 0, '2015-11-29 08:21:59', '2015-11-29 08:21:59'),
(51, 20, 249, 0, '2015-11-29 08:21:59', '2015-11-29 08:21:59'),
(52, 21, 249, 0, '2015-11-29 08:21:59', '2015-11-29 08:21:59'),
(53, 48, 249, 0, '2015-11-29 08:22:00', '2015-11-29 08:22:00'),
(54, 31, 249, 0, '2015-11-29 08:22:00', '2015-11-29 08:22:00'),
(55, 22, 249, 0, '2015-11-29 08:22:00', '2015-11-29 08:22:00'),
(56, 10, 229, 0, '2015-11-29 08:22:00', '2015-11-29 08:22:00'),
(57, 50, 229, 0, '2015-11-29 08:22:00', '2015-11-29 08:22:00'),
(58, 6, 229, 0, '2015-11-29 08:22:00', '2015-11-29 08:22:00'),
(59, 50, 229, 0, '2015-11-29 08:22:00', '2015-11-29 08:22:00'),
(60, 37, 229, 0, '2015-11-29 08:22:00', '2015-11-29 08:22:00'),
(61, 23, 228, 1, '2015-11-29 08:22:00', '2015-11-29 08:22:01'),
(62, 19, 228, 0, '2015-11-29 08:22:00', '2015-11-29 08:22:00'),
(63, 37, 228, 0, '2015-11-29 08:22:00', '2015-11-29 08:22:00'),
(64, 3, 228, 0, '2015-11-29 08:22:00', '2015-11-29 08:22:00'),
(65, 24, 228, 0, '2015-11-29 08:22:00', '2015-11-29 08:22:00'),
(66, 36, 227, 1, '2015-11-29 08:22:01', '2015-11-29 08:22:01'),
(67, 42, 227, 0, '2015-11-29 08:22:01', '2015-11-29 08:22:01'),
(68, 18, 227, 0, '2015-11-29 08:22:01', '2015-11-29 08:22:01'),
(69, 50, 227, 0, '2015-11-29 08:22:01', '2015-11-29 08:22:01'),
(70, 13, 227, 0, '2015-11-29 08:22:01', '2015-11-29 08:22:01'),
(71, 37, 226, 0, '2015-11-29 08:22:01', '2015-11-29 08:22:01'),
(72, 38, 226, 0, '2015-11-29 08:22:01', '2015-11-29 08:22:01'),
(73, 25, 226, 0, '2015-11-29 08:22:01', '2015-11-29 08:22:01'),
(74, 18, 226, 0, '2015-11-29 08:22:01', '2015-11-29 08:22:01'),
(75, 10, 226, 0, '2015-11-29 08:22:01', '2015-11-29 08:22:01'),
(76, 1, 225, 0, '2015-11-29 08:22:01', '2015-11-29 08:22:01'),
(77, 2, 225, 0, '2015-11-29 08:22:01', '2015-11-29 08:22:01'),
(78, 32, 225, 0, '2015-11-29 08:22:01', '2015-11-29 08:22:01'),
(79, 21, 225, 0, '2015-11-29 08:22:01', '2015-11-29 08:22:01'),
(80, 41, 225, 0, '2015-11-29 08:22:01', '2015-11-29 08:22:01'),
(81, 35, 224, 0, '2015-11-29 08:22:02', '2015-11-29 08:22:02'),
(82, 7, 224, 0, '2015-11-29 08:22:02', '2015-11-29 08:22:02'),
(83, 47, 224, 0, '2015-11-29 08:22:02', '2015-11-29 08:22:02'),
(84, 6, 224, 0, '2015-11-29 08:22:02', '2015-11-29 08:22:02'),
(85, 25, 224, 0, '2015-11-29 08:22:02', '2015-11-29 08:22:02'),
(86, 19, 223, 1, '2015-11-29 08:22:02', '2015-11-29 08:22:02'),
(87, 35, 223, 0, '2015-11-29 08:22:02', '2015-11-29 08:22:02'),
(88, 24, 223, 0, '2015-11-29 08:22:02', '2015-11-29 08:22:02'),
(89, 21, 223, 0, '2015-11-29 08:22:02', '2015-11-29 08:22:02'),
(90, 42, 223, 0, '2015-11-29 08:22:02', '2015-11-29 08:22:02'),
(91, 16, 222, 1, '2015-11-29 08:22:02', '2015-11-29 08:22:02'),
(92, 9, 222, 0, '2015-11-29 08:22:02', '2015-11-29 08:22:02'),
(93, 4, 222, 0, '2015-11-29 08:22:02', '2015-11-29 08:22:02'),
(94, 45, 222, 0, '2015-11-29 08:22:02', '2015-11-29 08:22:02'),
(95, 11, 222, 0, '2015-11-29 08:22:02', '2015-11-29 08:22:02'),
(96, 19, 230, 0, '2015-11-29 08:22:02', '2015-11-29 08:22:02'),
(97, 5, 230, 0, '2015-11-29 08:22:02', '2015-11-29 08:22:02'),
(98, 14, 230, 0, '2015-11-29 08:22:03', '2015-11-29 08:22:03'),
(99, 43, 230, 0, '2015-11-29 08:22:03', '2015-11-29 08:22:03'),
(100, 43, 230, 0, '2015-11-29 08:22:03', '2015-11-29 08:22:03'),
(101, 37, 231, 0, '2015-11-29 08:22:03', '2015-11-29 08:22:03'),
(102, 43, 231, 0, '2015-11-29 08:22:03', '2015-11-29 08:22:03'),
(103, 18, 231, 0, '2015-11-29 08:22:03', '2015-11-29 08:22:03'),
(104, 26, 231, 0, '2015-11-29 08:22:03', '2015-11-29 08:22:03'),
(105, 48, 231, 0, '2015-11-29 08:22:03', '2015-11-29 08:22:03'),
(106, 22, 239, 0, '2015-11-29 08:22:03', '2015-11-29 08:22:03'),
(107, 21, 239, 0, '2015-11-29 08:22:03', '2015-11-29 08:22:03'),
(108, 19, 239, 0, '2015-11-29 08:22:03', '2015-11-29 08:22:03'),
(109, 36, 239, 0, '2015-11-29 08:22:03', '2015-11-29 08:22:03'),
(110, 12, 239, 0, '2015-11-29 08:22:03', '2015-11-29 08:22:03'),
(111, 39, 238, 1, '2015-11-29 08:22:03', '2015-11-29 08:22:03'),
(112, 41, 238, 0, '2015-11-29 08:22:03', '2015-11-29 08:22:03'),
(113, 29, 238, 0, '2015-11-29 08:22:03', '2015-11-29 08:22:03'),
(114, 31, 238, 0, '2015-11-29 08:22:03', '2015-11-29 08:22:03'),
(115, 25, 238, 0, '2015-11-29 08:22:03', '2015-11-29 08:22:03'),
(116, 27, 237, 1, '2015-11-29 08:22:03', '2015-11-29 08:22:04'),
(117, 40, 237, 0, '2015-11-29 08:22:04', '2015-11-29 08:22:04'),
(118, 37, 237, 0, '2015-11-29 08:22:04', '2015-11-29 08:22:04'),
(119, 15, 237, 0, '2015-11-29 08:22:04', '2015-11-29 08:22:04'),
(120, 44, 237, 0, '2015-11-29 08:22:04', '2015-11-29 08:22:04'),
(121, 25, 236, 0, '2015-11-29 08:22:04', '2015-11-29 08:22:04'),
(122, 33, 236, 0, '2015-11-29 08:22:04', '2015-11-29 08:22:04'),
(123, 27, 236, 0, '2015-11-29 08:22:04', '2015-11-29 08:22:04'),
(124, 43, 236, 0, '2015-11-29 08:22:04', '2015-11-29 08:22:04'),
(125, 20, 236, 0, '2015-11-29 08:22:04', '2015-11-29 08:22:04'),
(126, 40, 235, 0, '2015-11-29 08:22:04', '2015-11-29 08:22:04'),
(127, 50, 235, 0, '2015-11-29 08:22:04', '2015-11-29 08:22:04'),
(128, 42, 235, 0, '2015-11-29 08:22:04', '2015-11-29 08:22:04'),
(129, 14, 235, 0, '2015-11-29 08:22:04', '2015-11-29 08:22:04'),
(130, 22, 235, 0, '2015-11-29 08:22:04', '2015-11-29 08:22:04'),
(131, 23, 234, 0, '2015-11-29 08:22:04', '2015-11-29 08:22:04'),
(132, 18, 234, 0, '2015-11-29 08:22:05', '2015-11-29 08:22:05'),
(133, 10, 234, 0, '2015-11-29 08:22:05', '2015-11-29 08:22:05'),
(134, 24, 234, 0, '2015-11-29 08:22:05', '2015-11-29 08:22:05'),
(135, 17, 234, 0, '2015-11-29 08:22:05', '2015-11-29 08:22:05'),
(136, 17, 233, 1, '2015-11-29 08:22:05', '2015-11-29 08:22:05'),
(137, 39, 233, 0, '2015-11-29 08:22:05', '2015-11-29 08:22:05'),
(138, 8, 233, 0, '2015-11-29 08:22:05', '2015-11-29 08:22:05'),
(139, 7, 233, 0, '2015-11-29 08:22:05', '2015-11-29 08:22:05'),
(140, 45, 233, 0, '2015-11-29 08:22:05', '2015-11-29 08:22:05'),
(141, 5, 232, 1, '2015-11-29 08:22:05', '2015-11-29 08:22:05'),
(142, 23, 232, 0, '2015-11-29 08:22:05', '2015-11-29 08:22:05'),
(143, 49, 232, 0, '2015-11-29 08:22:05', '2015-11-29 08:22:05'),
(144, 37, 232, 0, '2015-11-29 08:22:05', '2015-11-29 08:22:05'),
(145, 31, 232, 0, '2015-11-29 08:22:05', '2015-11-29 08:22:05'),
(146, 2, 212, 1, '2015-11-29 08:22:05', '2015-11-29 08:22:06'),
(147, 33, 212, 0, '2015-11-29 08:22:05', '2015-11-29 08:22:05'),
(148, 46, 212, 0, '2015-11-29 08:22:05', '2015-11-29 08:22:05'),
(149, 2, 212, 0, '2015-11-29 08:22:06', '2015-11-29 08:22:06'),
(150, 2, 212, 0, '2015-11-29 08:22:06', '2015-11-29 08:22:06'),
(151, 50, 211, 0, '2015-11-29 08:22:06', '2015-11-29 08:22:06'),
(152, 12, 211, 0, '2015-11-29 08:22:06', '2015-11-29 08:22:06'),
(153, 14, 211, 0, '2015-11-29 08:22:06', '2015-11-29 08:22:06'),
(154, 25, 211, 0, '2015-11-29 08:22:06', '2015-11-29 08:22:06'),
(155, 8, 211, 0, '2015-11-29 08:22:06', '2015-11-29 08:22:06'),
(156, 6, 210, 0, '2015-11-29 08:22:06', '2015-11-29 08:22:06'),
(157, 47, 210, 0, '2015-11-29 08:22:06', '2015-11-29 08:22:06'),
(158, 29, 210, 0, '2015-11-29 08:22:06', '2015-11-29 08:22:06'),
(159, 41, 210, 0, '2015-11-29 08:22:06', '2015-11-29 08:22:06'),
(160, 7, 210, 0, '2015-11-29 08:22:06', '2015-11-29 08:22:06'),
(161, 11, 209, 0, '2015-11-29 08:22:06', '2015-11-29 08:22:06'),
(162, 36, 209, 0, '2015-11-29 08:22:06', '2015-11-29 08:22:06'),
(163, 2, 209, 0, '2015-11-29 08:22:06', '2015-11-29 08:22:06'),
(164, 16, 209, 0, '2015-11-29 08:22:06', '2015-11-29 08:22:06'),
(165, 21, 209, 0, '2015-11-29 08:22:07', '2015-11-29 08:22:07'),
(166, 42, 208, 1, '2015-11-29 08:22:07', '2015-11-29 08:22:07'),
(167, 43, 208, 0, '2015-11-29 08:22:07', '2015-11-29 08:22:07'),
(168, 4, 208, 0, '2015-11-29 08:22:07', '2015-11-29 08:22:07'),
(169, 21, 208, 0, '2015-11-29 08:22:07', '2015-11-29 08:22:07'),
(170, 36, 208, 0, '2015-11-29 08:22:07', '2015-11-29 08:22:07'),
(171, 1, 207, 1, '2015-11-29 08:22:07', '2015-11-29 08:22:07'),
(172, 23, 207, 0, '2015-11-29 08:22:07', '2015-11-29 08:22:07'),
(173, 30, 207, 0, '2015-11-29 08:22:07', '2015-11-29 08:22:07'),
(174, 27, 207, 0, '2015-11-29 08:22:07', '2015-11-29 08:22:07'),
(175, 49, 207, 0, '2015-11-29 08:22:07', '2015-11-29 08:22:07'),
(176, 27, 213, 1, '2015-11-29 08:22:07', '2015-11-29 08:22:08'),
(177, 36, 213, 0, '2015-11-29 08:22:07', '2015-11-29 08:22:07'),
(178, 9, 213, 0, '2015-11-29 08:22:07', '2015-11-29 08:22:07'),
(179, 33, 213, 0, '2015-11-29 08:22:08', '2015-11-29 08:22:08'),
(180, 34, 213, 0, '2015-11-29 08:22:08', '2015-11-29 08:22:08'),
(181, 19, 214, 0, '2015-11-29 08:22:08', '2015-11-29 08:22:08'),
(182, 41, 214, 0, '2015-11-29 08:22:08', '2015-11-29 08:22:08'),
(183, 1, 214, 0, '2015-11-29 08:22:08', '2015-11-29 08:22:08'),
(184, 14, 214, 0, '2015-11-29 08:22:08', '2015-11-29 08:22:08'),
(185, 12, 214, 0, '2015-11-29 08:22:08', '2015-11-29 08:22:08'),
(186, 22, 215, 0, '2015-11-29 08:22:08', '2015-11-29 08:22:08'),
(187, 43, 215, 0, '2015-11-29 08:22:08', '2015-11-29 08:22:08'),
(188, 17, 215, 0, '2015-11-29 08:22:08', '2015-11-29 08:22:08'),
(189, 23, 215, 0, '2015-11-29 08:22:08', '2015-11-29 08:22:08'),
(190, 25, 215, 0, '2015-11-29 08:22:08', '2015-11-29 08:22:08'),
(191, 16, 221, 0, '2015-11-29 08:22:08', '2015-11-29 08:22:08'),
(192, 2, 221, 0, '2015-11-29 08:22:08', '2015-11-29 08:22:08'),
(193, 20, 221, 0, '2015-11-29 08:22:09', '2015-11-29 08:22:09'),
(194, 25, 221, 0, '2015-11-29 08:22:09', '2015-11-29 08:22:09'),
(195, 5, 221, 0, '2015-11-29 08:22:09', '2015-11-29 08:22:09'),
(196, 19, 220, 0, '2015-11-29 08:22:09', '2015-11-29 08:22:09'),
(197, 43, 220, 0, '2015-11-29 08:22:09', '2015-11-29 08:22:09'),
(198, 21, 220, 0, '2015-11-29 08:22:09', '2015-11-29 08:22:09'),
(199, 2, 220, 0, '2015-11-29 08:22:09', '2015-11-29 08:22:09'),
(200, 41, 220, 0, '2015-11-29 08:22:09', '2015-11-29 08:22:09'),
(201, 35, 219, 0, '2015-11-29 08:22:09', '2015-11-29 08:22:09'),
(202, 28, 219, 0, '2015-11-29 08:22:09', '2015-11-29 08:22:09'),
(203, 45, 219, 0, '2015-11-29 08:22:09', '2015-11-29 08:22:09'),
(204, 6, 219, 0, '2015-11-29 08:22:09', '2015-11-29 08:22:09'),
(205, 42, 219, 0, '2015-11-29 08:22:09', '2015-11-29 08:22:09'),
(206, 18, 218, 1, '2015-11-29 08:22:09', '2015-11-29 08:22:09'),
(207, 24, 218, 0, '2015-11-29 08:22:09', '2015-11-29 08:22:09'),
(208, 25, 218, 0, '2015-11-29 08:22:09', '2015-11-29 08:22:09'),
(209, 17, 218, 0, '2015-11-29 08:22:09', '2015-11-29 08:22:09'),
(210, 23, 218, 0, '2015-11-29 08:22:09', '2015-11-29 08:22:09'),
(211, 42, 217, 1, '2015-11-29 08:22:10', '2015-11-29 08:22:10'),
(212, 30, 217, 0, '2015-11-29 08:22:10', '2015-11-29 08:22:10'),
(213, 5, 217, 0, '2015-11-29 08:22:10', '2015-11-29 08:22:10'),
(214, 36, 217, 0, '2015-11-29 08:22:10', '2015-11-29 08:22:10'),
(215, 49, 217, 0, '2015-11-29 08:22:10', '2015-11-29 08:22:10'),
(216, 34, 216, 0, '2015-11-29 08:22:10', '2015-11-29 08:22:10'),
(217, 23, 216, 0, '2015-11-29 08:22:10', '2015-11-29 08:22:10'),
(218, 19, 216, 0, '2015-11-29 08:22:10', '2015-11-29 08:22:10'),
(219, 42, 216, 0, '2015-11-29 08:22:10', '2015-11-29 08:22:10'),
(220, 4, 216, 0, '2015-11-29 08:22:11', '2015-11-29 08:22:11'),
(221, 50, 196, 0, '2015-11-29 08:22:11', '2015-11-29 08:22:11'),
(222, 30, 196, 0, '2015-11-29 08:22:11', '2015-11-29 08:22:11'),
(223, 49, 196, 0, '2015-11-29 08:22:11', '2015-11-29 08:22:11'),
(224, 16, 196, 0, '2015-11-29 08:22:11', '2015-11-29 08:22:11'),
(225, 25, 196, 0, '2015-11-29 08:22:11', '2015-11-29 08:22:11'),
(226, 21, 195, 0, '2015-11-29 08:22:11', '2015-11-29 08:22:11'),
(227, 50, 195, 0, '2015-11-29 08:22:11', '2015-11-29 08:22:11'),
(228, 36, 195, 0, '2015-11-29 08:22:11', '2015-11-29 08:22:11'),
(229, 10, 195, 0, '2015-11-29 08:22:11', '2015-11-29 08:22:11'),
(230, 15, 195, 0, '2015-11-29 08:22:11', '2015-11-29 08:22:11'),
(231, 3, 197, 1, '2015-11-29 08:22:11', '2015-11-29 08:22:12'),
(232, 18, 197, 0, '2015-11-29 08:22:11', '2015-11-29 08:22:11'),
(233, 46, 197, 0, '2015-11-29 08:22:11', '2015-11-29 08:22:11'),
(234, 24, 197, 0, '2015-11-29 08:22:11', '2015-11-29 08:22:11'),
(235, 21, 197, 0, '2015-11-29 08:22:11', '2015-11-29 08:22:11'),
(236, 35, 194, 0, '2015-11-29 08:22:12', '2015-11-29 08:22:12'),
(237, 22, 194, 0, '2015-11-29 08:22:12', '2015-11-29 08:22:12'),
(238, 47, 194, 0, '2015-11-29 08:22:12', '2015-11-29 08:22:12'),
(239, 48, 194, 0, '2015-11-29 08:22:12', '2015-11-29 08:22:12'),
(240, 22, 194, 0, '2015-11-29 08:22:12', '2015-11-29 08:22:12'),
(241, 2, 193, 1, '2015-11-29 08:22:12', '2015-11-29 08:22:12'),
(242, 30, 193, 0, '2015-11-29 08:22:12', '2015-11-29 08:22:12'),
(243, 40, 193, 0, '2015-11-29 08:22:12', '2015-11-29 08:22:12'),
(244, 4, 193, 0, '2015-11-29 08:22:12', '2015-11-29 08:22:12'),
(245, 37, 193, 0, '2015-11-29 08:22:12', '2015-11-29 08:22:12'),
(246, 40, 192, 1, '2015-11-29 08:22:12', '2015-11-29 08:22:12'),
(247, 24, 192, 0, '2015-11-29 08:22:12', '2015-11-29 08:22:12'),
(248, 14, 192, 0, '2015-11-29 08:22:12', '2015-11-29 08:22:12'),
(249, 30, 192, 0, '2015-11-29 08:22:12', '2015-11-29 08:22:12'),
(250, 44, 192, 0, '2015-11-29 08:22:12', '2015-11-29 08:22:12'),
(251, 19, 203, 1, '2015-11-29 08:22:12', '2015-11-29 08:22:13'),
(252, 19, 203, 0, '2015-11-29 08:22:12', '2015-11-29 08:22:12'),
(253, 9, 203, 0, '2015-11-29 08:22:13', '2015-11-29 08:22:13'),
(254, 30, 203, 0, '2015-11-29 08:22:13', '2015-11-29 08:22:13'),
(255, 47, 203, 0, '2015-11-29 08:22:13', '2015-11-29 08:22:13'),
(256, 48, 198, 1, '2015-11-29 08:22:13', '2015-11-29 08:22:13'),
(257, 13, 198, 0, '2015-11-29 08:22:13', '2015-11-29 08:22:13'),
(258, 33, 198, 0, '2015-11-29 08:22:13', '2015-11-29 08:22:13'),
(259, 40, 198, 0, '2015-11-29 08:22:13', '2015-11-29 08:22:13'),
(260, 13, 198, 0, '2015-11-29 08:22:13', '2015-11-29 08:22:13'),
(261, 33, 199, 0, '2015-11-29 08:22:13', '2015-11-29 08:22:13'),
(262, 42, 199, 0, '2015-11-29 08:22:13', '2015-11-29 08:22:13'),
(263, 26, 199, 0, '2015-11-29 08:22:13', '2015-11-29 08:22:13'),
(264, 27, 199, 0, '2015-11-29 08:22:13', '2015-11-29 08:22:13'),
(265, 23, 199, 0, '2015-11-29 08:22:13', '2015-11-29 08:22:13'),
(266, 11, 206, 0, '2015-11-29 08:22:13', '2015-11-29 08:22:13'),
(267, 15, 206, 0, '2015-11-29 08:22:13', '2015-11-29 08:22:13'),
(268, 35, 206, 0, '2015-11-29 08:22:13', '2015-11-29 08:22:13'),
(269, 4, 206, 0, '2015-11-29 08:22:13', '2015-11-29 08:22:13'),
(270, 16, 206, 0, '2015-11-29 08:22:14', '2015-11-29 08:22:14'),
(271, 22, 205, 0, '2015-11-29 08:22:14', '2015-11-29 08:22:14'),
(272, 43, 205, 0, '2015-11-29 08:22:14', '2015-11-29 08:22:14'),
(273, 24, 205, 0, '2015-11-29 08:22:14', '2015-11-29 08:22:14'),
(274, 15, 205, 0, '2015-11-29 08:22:14', '2015-11-29 08:22:14'),
(275, 29, 205, 0, '2015-11-29 08:22:14', '2015-11-29 08:22:14'),
(276, 47, 204, 0, '2015-11-29 08:22:14', '2015-11-29 08:22:14'),
(277, 3, 204, 0, '2015-11-29 08:22:14', '2015-11-29 08:22:14'),
(278, 41, 204, 0, '2015-11-29 08:22:14', '2015-11-29 08:22:14'),
(279, 14, 204, 0, '2015-11-29 08:22:14', '2015-11-29 08:22:14'),
(280, 22, 204, 0, '2015-11-29 08:22:14', '2015-11-29 08:22:14'),
(281, 18, 202, 1, '2015-11-29 08:22:14', '2015-11-29 08:22:14'),
(282, 31, 202, 0, '2015-11-29 08:22:14', '2015-11-29 08:22:14'),
(283, 42, 202, 0, '2015-11-29 08:22:14', '2015-11-29 08:22:14'),
(284, 47, 202, 0, '2015-11-29 08:22:14', '2015-11-29 08:22:14'),
(285, 14, 202, 0, '2015-11-29 08:22:14', '2015-11-29 08:22:14'),
(286, 1, 201, 0, '2015-11-29 08:22:15', '2015-11-29 08:22:15'),
(287, 19, 201, 0, '2015-11-29 08:22:15', '2015-11-29 08:22:15'),
(288, 22, 201, 0, '2015-11-29 08:22:15', '2015-11-29 08:22:15'),
(289, 8, 201, 0, '2015-11-29 08:22:15', '2015-11-29 08:22:15'),
(290, 17, 201, 0, '2015-11-29 08:22:15', '2015-11-29 08:22:15'),
(291, 43, 200, 0, '2015-11-29 08:22:15', '2015-11-29 08:22:15'),
(292, 5, 200, 0, '2015-11-29 08:22:15', '2015-11-29 08:22:15'),
(293, 49, 200, 0, '2015-11-29 08:22:15', '2015-11-29 08:22:15'),
(294, 4, 200, 0, '2015-11-29 08:22:15', '2015-11-29 08:22:15'),
(295, 3, 200, 0, '2015-11-29 08:22:15', '2015-11-29 08:22:15'),
(296, 13, 181, 0, '2015-11-29 08:22:15', '2015-11-29 08:22:15'),
(297, 43, 181, 0, '2015-11-29 08:22:15', '2015-11-29 08:22:15'),
(298, 32, 181, 0, '2015-11-29 08:22:15', '2015-11-29 08:22:15'),
(299, 46, 181, 0, '2015-11-29 08:22:15', '2015-11-29 08:22:15'),
(300, 25, 181, 0, '2015-11-29 08:22:15', '2015-11-29 08:22:15'),
(301, 28, 180, 0, '2015-11-29 08:22:15', '2015-11-29 08:22:15'),
(302, 48, 180, 0, '2015-11-29 08:22:15', '2015-11-29 08:22:15'),
(303, 18, 180, 0, '2015-11-29 08:22:15', '2015-11-29 08:22:15'),
(304, 48, 180, 0, '2015-11-29 08:22:16', '2015-11-29 08:22:16'),
(305, 38, 180, 0, '2015-11-29 08:22:16', '2015-11-29 08:22:16'),
(306, 10, 179, 0, '2015-11-29 08:22:16', '2015-11-29 08:22:16'),
(307, 16, 179, 0, '2015-11-29 08:22:16', '2015-11-29 08:22:16'),
(308, 27, 179, 0, '2015-11-29 08:22:16', '2015-11-29 08:22:16'),
(309, 46, 179, 0, '2015-11-29 08:22:16', '2015-11-29 08:22:16'),
(310, 2, 179, 0, '2015-11-29 08:22:16', '2015-11-29 08:22:16'),
(311, 27, 178, 1, '2015-11-29 08:22:16', '2015-11-29 08:22:16'),
(312, 1, 178, 0, '2015-11-29 08:22:16', '2015-11-29 08:22:16'),
(313, 6, 178, 0, '2015-11-29 08:22:16', '2015-11-29 08:22:16'),
(314, 32, 178, 0, '2015-11-29 08:22:16', '2015-11-29 08:22:16'),
(315, 48, 178, 0, '2015-11-29 08:22:16', '2015-11-29 08:22:16'),
(316, 14, 177, 1, '2015-11-29 08:22:16', '2015-11-29 08:22:16'),
(317, 37, 177, 0, '2015-11-29 08:22:16', '2015-11-29 08:22:16'),
(318, 20, 177, 0, '2015-11-29 08:22:16', '2015-11-29 08:22:16'),
(319, 27, 177, 0, '2015-11-29 08:22:16', '2015-11-29 08:22:16'),
(320, 25, 177, 0, '2015-11-29 08:22:16', '2015-11-29 08:22:16'),
(321, 37, 176, 0, '2015-11-29 08:22:16', '2015-11-29 08:22:16'),
(322, 41, 176, 0, '2015-11-29 08:22:17', '2015-11-29 08:22:17'),
(323, 38, 176, 0, '2015-11-29 08:22:17', '2015-11-29 08:22:17'),
(324, 31, 176, 0, '2015-11-29 08:22:17', '2015-11-29 08:22:17'),
(325, 44, 176, 0, '2015-11-29 08:22:17', '2015-11-29 08:22:17'),
(326, 28, 175, 0, '2015-11-29 08:22:17', '2015-11-29 08:22:17'),
(327, 35, 175, 0, '2015-11-29 08:22:17', '2015-11-29 08:22:17'),
(328, 6, 175, 0, '2015-11-29 08:22:17', '2015-11-29 08:22:17'),
(329, 24, 175, 0, '2015-11-29 08:22:17', '2015-11-29 08:22:17'),
(330, 9, 175, 0, '2015-11-29 08:22:17', '2015-11-29 08:22:17'),
(331, 22, 174, 0, '2015-11-29 08:22:17', '2015-11-29 08:22:17'),
(332, 42, 174, 0, '2015-11-29 08:22:17', '2015-11-29 08:22:17'),
(333, 31, 174, 0, '2015-11-29 08:22:17', '2015-11-29 08:22:17'),
(334, 5, 174, 0, '2015-11-29 08:22:17', '2015-11-29 08:22:17'),
(335, 7, 174, 0, '2015-11-29 08:22:17', '2015-11-29 08:22:17'),
(336, 1, 182, 1, '2015-11-29 08:22:17', '2015-11-29 08:22:18'),
(337, 8, 182, 0, '2015-11-29 08:22:17', '2015-11-29 08:22:17'),
(338, 35, 182, 0, '2015-11-29 08:22:17', '2015-11-29 08:22:17'),
(339, 43, 182, 0, '2015-11-29 08:22:17', '2015-11-29 08:22:17'),
(340, 22, 182, 0, '2015-11-29 08:22:17', '2015-11-29 08:22:17'),
(341, 8, 183, 1, '2015-11-29 08:22:18', '2015-11-29 08:22:18'),
(342, 4, 183, 0, '2015-11-29 08:22:18', '2015-11-29 08:22:18'),
(343, 39, 183, 0, '2015-11-29 08:22:18', '2015-11-29 08:22:18'),
(344, 2, 183, 0, '2015-11-29 08:22:18', '2015-11-29 08:22:18'),
(345, 31, 183, 0, '2015-11-29 08:22:18', '2015-11-29 08:22:18'),
(346, 12, 191, 0, '2015-11-29 08:22:18', '2015-11-29 08:22:18'),
(347, 44, 191, 0, '2015-11-29 08:22:18', '2015-11-29 08:22:18'),
(348, 46, 191, 0, '2015-11-29 08:22:18', '2015-11-29 08:22:18'),
(349, 15, 191, 0, '2015-11-29 08:22:18', '2015-11-29 08:22:18'),
(350, 45, 191, 0, '2015-11-29 08:22:18', '2015-11-29 08:22:18'),
(351, 15, 190, 0, '2015-11-29 08:22:18', '2015-11-29 08:22:18'),
(352, 15, 190, 0, '2015-11-29 08:22:18', '2015-11-29 08:22:18'),
(353, 9, 190, 0, '2015-11-29 08:22:18', '2015-11-29 08:22:18'),
(354, 44, 190, 0, '2015-11-29 08:22:19', '2015-11-29 08:22:19'),
(355, 33, 190, 0, '2015-11-29 08:22:19', '2015-11-29 08:22:19'),
(356, 27, 189, 0, '2015-11-29 08:22:19', '2015-11-29 08:22:19'),
(357, 27, 189, 0, '2015-11-29 08:22:19', '2015-11-29 08:22:19'),
(358, 50, 189, 0, '2015-11-29 08:22:19', '2015-11-29 08:22:19'),
(359, 43, 189, 0, '2015-11-29 08:22:19', '2015-11-29 08:22:19'),
(360, 18, 189, 0, '2015-11-29 08:22:19', '2015-11-29 08:22:19'),
(361, 39, 188, 1, '2015-11-29 08:22:19', '2015-11-29 08:22:19'),
(362, 16, 188, 0, '2015-11-29 08:22:19', '2015-11-29 08:22:19'),
(363, 24, 188, 0, '2015-11-29 08:22:19', '2015-11-29 08:22:19'),
(364, 48, 188, 0, '2015-11-29 08:22:19', '2015-11-29 08:22:19'),
(365, 5, 188, 0, '2015-11-29 08:22:19', '2015-11-29 08:22:19'),
(366, 43, 187, 1, '2015-11-29 08:22:19', '2015-11-29 08:22:19'),
(367, 28, 187, 0, '2015-11-29 08:22:19', '2015-11-29 08:22:19'),
(368, 24, 187, 0, '2015-11-29 08:22:19', '2015-11-29 08:22:19'),
(369, 47, 187, 0, '2015-11-29 08:22:19', '2015-11-29 08:22:19'),
(370, 8, 187, 0, '2015-11-29 08:22:19', '2015-11-29 08:22:19'),
(371, 37, 186, 0, '2015-11-29 08:22:19', '2015-11-29 08:22:19'),
(372, 19, 186, 0, '2015-11-29 08:22:20', '2015-11-29 08:22:20'),
(373, 36, 186, 0, '2015-11-29 08:22:20', '2015-11-29 08:22:20'),
(374, 16, 186, 0, '2015-11-29 08:22:20', '2015-11-29 08:22:20'),
(375, 12, 186, 0, '2015-11-29 08:22:20', '2015-11-29 08:22:20'),
(376, 39, 185, 0, '2015-11-29 08:22:20', '2015-11-29 08:22:20'),
(377, 19, 185, 0, '2015-11-29 08:22:20', '2015-11-29 08:22:20'),
(378, 41, 185, 0, '2015-11-29 08:22:20', '2015-11-29 08:22:20'),
(379, 38, 185, 0, '2015-11-29 08:22:20', '2015-11-29 08:22:20'),
(380, 36, 185, 0, '2015-11-29 08:22:20', '2015-11-29 08:22:20'),
(381, 30, 184, 0, '2015-11-29 08:22:20', '2015-11-29 08:22:20'),
(382, 38, 184, 0, '2015-11-29 08:22:20', '2015-11-29 08:22:20'),
(383, 41, 184, 0, '2015-11-29 08:22:20', '2015-11-29 08:22:20'),
(384, 31, 184, 0, '2015-11-29 08:22:20', '2015-11-29 08:22:20'),
(385, 27, 184, 0, '2015-11-29 08:22:20', '2015-11-29 08:22:20'),
(386, 42, 164, 0, '2015-11-29 08:22:20', '2015-11-29 08:22:20'),
(387, 12, 164, 0, '2015-11-29 08:22:20', '2015-11-29 08:22:20'),
(388, 34, 164, 0, '2015-11-29 08:22:20', '2015-11-29 08:22:20'),
(389, 25, 164, 0, '2015-11-29 08:22:20', '2015-11-29 08:22:20'),
(390, 12, 164, 0, '2015-11-29 08:22:21', '2015-11-29 08:22:21'),
(391, 13, 163, 1, '2015-11-29 08:22:21', '2015-11-29 08:22:21'),
(392, 40, 163, 0, '2015-11-29 08:22:21', '2015-11-29 08:22:21'),
(393, 32, 163, 0, '2015-11-29 08:22:21', '2015-11-29 08:22:21'),
(394, 49, 163, 0, '2015-11-29 08:22:21', '2015-11-29 08:22:21'),
(395, 23, 163, 0, '2015-11-29 08:22:21', '2015-11-29 08:22:21'),
(396, 14, 162, 1, '2015-11-29 08:22:21', '2015-11-29 08:22:22'),
(397, 49, 162, 0, '2015-11-29 08:22:21', '2015-11-29 08:22:21'),
(398, 31, 162, 0, '2015-11-29 08:22:22', '2015-11-29 08:22:22'),
(399, 41, 162, 0, '2015-11-29 08:22:22', '2015-11-29 08:22:22'),
(400, 2, 162, 0, '2015-11-29 08:22:22', '2015-11-29 08:22:22'),
(401, 21, 161, 0, '2015-11-29 08:22:22', '2015-11-29 08:22:22'),
(402, 7, 161, 0, '2015-11-29 08:22:22', '2015-11-29 08:22:22'),
(403, 17, 161, 0, '2015-11-29 08:22:22', '2015-11-29 08:22:22'),
(404, 49, 161, 0, '2015-11-29 08:22:22', '2015-11-29 08:22:22'),
(405, 36, 161, 0, '2015-11-29 08:22:22', '2015-11-29 08:22:22'),
(406, 12, 160, 0, '2015-11-29 08:22:22', '2015-11-29 08:22:22'),
(407, 3, 160, 0, '2015-11-29 08:22:22', '2015-11-29 08:22:22'),
(408, 33, 160, 0, '2015-11-29 08:22:22', '2015-11-29 08:22:22'),
(409, 5, 160, 0, '2015-11-29 08:22:22', '2015-11-29 08:22:22'),
(410, 4, 160, 0, '2015-11-29 08:22:22', '2015-11-29 08:22:22'),
(411, 26, 159, 0, '2015-11-29 08:22:22', '2015-11-29 08:22:22'),
(412, 2, 159, 0, '2015-11-29 08:22:22', '2015-11-29 08:22:22'),
(413, 43, 159, 0, '2015-11-29 08:22:22', '2015-11-29 08:22:22'),
(414, 9, 159, 0, '2015-11-29 08:22:22', '2015-11-29 08:22:22'),
(415, 17, 159, 0, '2015-11-29 08:22:22', '2015-11-29 08:22:22'),
(416, 42, 165, 0, '2015-11-29 08:22:23', '2015-11-29 08:22:23'),
(417, 23, 165, 0, '2015-11-29 08:22:23', '2015-11-29 08:22:23'),
(418, 41, 165, 0, '2015-11-29 08:22:23', '2015-11-29 08:22:23'),
(419, 47, 165, 0, '2015-11-29 08:22:23', '2015-11-29 08:22:23'),
(420, 14, 165, 0, '2015-11-29 08:22:23', '2015-11-29 08:22:23'),
(421, 33, 166, 0, '2015-11-29 08:22:23', '2015-11-29 08:22:23'),
(422, 45, 166, 0, '2015-11-29 08:22:23', '2015-11-29 08:22:23'),
(423, 14, 166, 0, '2015-11-29 08:22:23', '2015-11-29 08:22:23'),
(424, 25, 166, 0, '2015-11-29 08:22:23', '2015-11-29 08:22:23'),
(425, 27, 166, 0, '2015-11-29 08:22:23', '2015-11-29 08:22:23'),
(426, 49, 167, 1, '2015-11-29 08:22:23', '2015-11-29 08:22:23'),
(427, 14, 167, 0, '2015-11-29 08:22:23', '2015-11-29 08:22:23'),
(428, 16, 167, 0, '2015-11-29 08:22:23', '2015-11-29 08:22:23'),
(429, 49, 167, 0, '2015-11-29 08:22:23', '2015-11-29 08:22:23'),
(430, 49, 167, 0, '2015-11-29 08:22:23', '2015-11-29 08:22:23'),
(431, 40, 173, 1, '2015-11-29 08:22:23', '2015-11-29 08:22:24'),
(432, 27, 173, 0, '2015-11-29 08:22:23', '2015-11-29 08:22:23'),
(433, 22, 173, 0, '2015-11-29 08:22:23', '2015-11-29 08:22:23'),
(434, 36, 173, 0, '2015-11-29 08:22:23', '2015-11-29 08:22:23'),
(435, 26, 173, 0, '2015-11-29 08:22:24', '2015-11-29 08:22:24'),
(436, 28, 172, 1, '2015-11-29 08:22:24', '2015-11-29 08:22:24'),
(437, 19, 172, 0, '2015-11-29 08:22:24', '2015-11-29 08:22:24'),
(438, 29, 172, 0, '2015-11-29 08:22:24', '2015-11-29 08:22:24'),
(439, 15, 172, 0, '2015-11-29 08:22:24', '2015-11-29 08:22:24'),
(440, 29, 172, 0, '2015-11-29 08:22:24', '2015-11-29 08:22:24'),
(441, 4, 171, 0, '2015-11-29 08:22:24', '2015-11-29 08:22:24'),
(442, 39, 171, 0, '2015-11-29 08:22:24', '2015-11-29 08:22:24'),
(443, 3, 171, 0, '2015-11-29 08:22:24', '2015-11-29 08:22:24'),
(444, 16, 171, 0, '2015-11-29 08:22:24', '2015-11-29 08:22:24'),
(445, 31, 171, 0, '2015-11-29 08:22:24', '2015-11-29 08:22:24'),
(446, 13, 170, 0, '2015-11-29 08:22:24', '2015-11-29 08:22:24'),
(447, 46, 170, 0, '2015-11-29 08:22:25', '2015-11-29 08:22:25'),
(448, 14, 170, 0, '2015-11-29 08:22:25', '2015-11-29 08:22:25'),
(449, 40, 170, 0, '2015-11-29 08:22:25', '2015-11-29 08:22:25'),
(450, 47, 170, 0, '2015-11-29 08:22:25', '2015-11-29 08:22:25'),
(451, 13, 169, 0, '2015-11-29 08:22:25', '2015-11-29 08:22:25'),
(452, 48, 169, 0, '2015-11-29 08:22:25', '2015-11-29 08:22:25'),
(453, 50, 169, 0, '2015-11-29 08:22:25', '2015-11-29 08:22:25'),
(454, 13, 169, 0, '2015-11-29 08:22:25', '2015-11-29 08:22:25'),
(455, 2, 169, 0, '2015-11-29 08:22:25', '2015-11-29 08:22:25'),
(456, 19, 168, 1, '2015-11-29 08:22:25', '2015-11-29 08:22:25'),
(457, 24, 168, 0, '2015-11-29 08:22:25', '2015-11-29 08:22:25'),
(458, 11, 168, 0, '2015-11-29 08:22:25', '2015-11-29 08:22:25'),
(459, 16, 168, 0, '2015-11-29 08:22:25', '2015-11-29 08:22:25'),
(460, 27, 168, 0, '2015-11-29 08:22:25', '2015-11-29 08:22:25'),
(461, 11, 151, 0, '2015-11-29 08:22:25', '2015-11-29 08:22:25'),
(462, 32, 151, 0, '2015-11-29 08:22:25', '2015-11-29 08:22:25'),
(463, 37, 151, 0, '2015-11-29 08:22:25', '2015-11-29 08:22:25'),
(464, 4, 151, 0, '2015-11-29 08:22:26', '2015-11-29 08:22:26'),
(465, 15, 151, 0, '2015-11-29 08:22:26', '2015-11-29 08:22:26'),
(466, 34, 152, 1, '2015-11-29 08:22:26', '2015-11-29 08:22:26'),
(467, 49, 152, 0, '2015-11-29 08:22:26', '2015-11-29 08:22:26'),
(468, 46, 152, 0, '2015-11-29 08:22:26', '2015-11-29 08:22:26'),
(469, 3, 152, 0, '2015-11-29 08:22:26', '2015-11-29 08:22:26'),
(470, 45, 152, 0, '2015-11-29 08:22:26', '2015-11-29 08:22:26'),
(471, 5, 153, 1, '2015-11-29 08:22:26', '2015-11-29 08:22:26'),
(472, 12, 153, 0, '2015-11-29 08:22:26', '2015-11-29 08:22:26'),
(473, 5, 153, 0, '2015-11-29 08:22:26', '2015-11-29 08:22:26'),
(474, 2, 153, 0, '2015-11-29 08:22:26', '2015-11-29 08:22:26'),
(475, 26, 153, 0, '2015-11-29 08:22:26', '2015-11-29 08:22:26'),
(476, 28, 154, 0, '2015-11-29 08:22:26', '2015-11-29 08:22:26'),
(477, 49, 154, 0, '2015-11-29 08:22:26', '2015-11-29 08:22:26'),
(478, 26, 154, 0, '2015-11-29 08:22:26', '2015-11-29 08:22:26'),
(479, 23, 154, 0, '2015-11-29 08:22:26', '2015-11-29 08:22:26'),
(480, 2, 154, 0, '2015-11-29 08:22:26', '2015-11-29 08:22:26'),
(481, 31, 155, 0, '2015-11-29 08:22:26', '2015-11-29 08:22:26'),
(482, 24, 155, 0, '2015-11-29 08:22:27', '2015-11-29 08:22:27'),
(483, 50, 155, 0, '2015-11-29 08:22:27', '2015-11-29 08:22:27'),
(484, 24, 155, 0, '2015-11-29 08:22:27', '2015-11-29 08:22:27'),
(485, 19, 155, 0, '2015-11-29 08:22:27', '2015-11-29 08:22:27'),
(486, 32, 157, 1, '2015-11-29 08:22:27', '2015-11-29 08:22:27'),
(487, 19, 157, 0, '2015-11-29 08:22:27', '2015-11-29 08:22:27'),
(488, 23, 157, 0, '2015-11-29 08:22:27', '2015-11-29 08:22:27'),
(489, 48, 157, 0, '2015-11-29 08:22:27', '2015-11-29 08:22:27'),
(490, 49, 157, 0, '2015-11-29 08:22:27', '2015-11-29 08:22:27'),
(491, 10, 156, 0, '2015-11-29 08:22:27', '2015-11-29 08:22:27'),
(492, 1, 156, 0, '2015-11-29 08:22:27', '2015-11-29 08:22:27'),
(493, 22, 156, 0, '2015-11-29 08:22:27', '2015-11-29 08:22:27'),
(494, 41, 156, 0, '2015-11-29 08:22:27', '2015-11-29 08:22:27'),
(495, 4, 156, 0, '2015-11-29 08:22:27', '2015-11-29 08:22:27'),
(496, 36, 158, 1, '2015-11-29 08:22:27', '2015-11-29 08:22:28'),
(497, 8, 158, 0, '2015-11-29 08:22:27', '2015-11-29 08:22:27'),
(498, 21, 158, 0, '2015-11-29 08:22:27', '2015-11-29 08:22:27'),
(499, 38, 158, 0, '2015-11-29 08:22:28', '2015-11-29 08:22:28'),
(500, 36, 158, 0, '2015-11-29 08:22:28', '2015-11-29 08:22:28'),
(501, 9, 141, 0, '2015-11-29 08:22:28', '2015-11-29 08:22:28'),
(502, 20, 141, 0, '2015-11-29 08:22:28', '2015-11-29 08:22:28'),
(503, 46, 141, 0, '2015-11-29 08:22:28', '2015-11-29 08:22:28'),
(504, 19, 141, 0, '2015-11-29 08:22:28', '2015-11-29 08:22:28'),
(505, 25, 141, 0, '2015-11-29 08:22:28', '2015-11-29 08:22:28'),
(506, 3, 140, 0, '2015-11-29 08:22:28', '2015-11-29 08:22:28'),
(507, 48, 140, 0, '2015-11-29 08:22:28', '2015-11-29 08:22:28'),
(508, 30, 140, 0, '2015-11-29 08:22:28', '2015-11-29 08:22:28'),
(509, 9, 140, 0, '2015-11-29 08:22:28', '2015-11-29 08:22:28'),
(510, 45, 140, 0, '2015-11-29 08:22:28', '2015-11-29 08:22:28'),
(511, 47, 139, 0, '2015-11-29 08:22:28', '2015-11-29 08:22:28'),
(512, 43, 139, 0, '2015-11-29 08:22:29', '2015-11-29 08:22:29'),
(513, 7, 139, 0, '2015-11-29 08:22:29', '2015-11-29 08:22:29'),
(514, 20, 139, 0, '2015-11-29 08:22:29', '2015-11-29 08:22:29'),
(515, 49, 139, 0, '2015-11-29 08:22:29', '2015-11-29 08:22:29'),
(516, 14, 138, 1, '2015-11-29 08:22:29', '2015-11-29 08:22:29'),
(517, 50, 138, 0, '2015-11-29 08:22:29', '2015-11-29 08:22:29'),
(518, 25, 138, 0, '2015-11-29 08:22:29', '2015-11-29 08:22:29'),
(519, 3, 138, 0, '2015-11-29 08:22:29', '2015-11-29 08:22:29'),
(520, 3, 138, 0, '2015-11-29 08:22:29', '2015-11-29 08:22:29'),
(521, 22, 137, 1, '2015-11-29 08:22:29', '2015-11-29 08:22:29'),
(522, 37, 137, 0, '2015-11-29 08:22:29', '2015-11-29 08:22:29'),
(523, 42, 137, 0, '2015-11-29 08:22:29', '2015-11-29 08:22:29'),
(524, 8, 137, 0, '2015-11-29 08:22:29', '2015-11-29 08:22:29'),
(525, 42, 137, 0, '2015-11-29 08:22:29', '2015-11-29 08:22:29'),
(526, 1, 136, 0, '2015-11-29 08:22:29', '2015-11-29 08:22:29'),
(527, 37, 136, 0, '2015-11-29 08:22:29', '2015-11-29 08:22:29'),
(528, 2, 136, 0, '2015-11-29 08:22:30', '2015-11-29 08:22:30'),
(529, 27, 136, 0, '2015-11-29 08:22:30', '2015-11-29 08:22:30'),
(530, 50, 136, 0, '2015-11-29 08:22:30', '2015-11-29 08:22:30'),
(531, 38, 135, 0, '2015-11-29 08:22:30', '2015-11-29 08:22:30'),
(532, 11, 135, 0, '2015-11-29 08:22:30', '2015-11-29 08:22:30'),
(533, 41, 135, 0, '2015-11-29 08:22:30', '2015-11-29 08:22:30'),
(534, 47, 135, 0, '2015-11-29 08:22:30', '2015-11-29 08:22:30'),
(535, 46, 135, 0, '2015-11-29 08:22:30', '2015-11-29 08:22:30'),
(536, 44, 142, 1, '2015-11-29 08:22:30', '2015-11-29 08:22:30'),
(537, 2, 142, 0, '2015-11-29 08:22:30', '2015-11-29 08:22:30'),
(538, 21, 142, 0, '2015-11-29 08:22:30', '2015-11-29 08:22:30'),
(539, 48, 142, 0, '2015-11-29 08:22:30', '2015-11-29 08:22:30'),
(540, 32, 142, 0, '2015-11-29 08:22:30', '2015-11-29 08:22:30'),
(541, 25, 143, 1, '2015-11-29 08:22:30', '2015-11-29 08:22:31'),
(542, 32, 143, 0, '2015-11-29 08:22:30', '2015-11-29 08:22:30'),
(543, 19, 143, 0, '2015-11-29 08:22:30', '2015-11-29 08:22:30'),
(544, 31, 143, 0, '2015-11-29 08:22:31', '2015-11-29 08:22:31'),
(545, 18, 143, 0, '2015-11-29 08:22:31', '2015-11-29 08:22:31'),
(546, 29, 150, 0, '2015-11-29 08:22:31', '2015-11-29 08:22:31'),
(547, 46, 150, 0, '2015-11-29 08:22:31', '2015-11-29 08:22:31'),
(548, 21, 150, 0, '2015-11-29 08:22:31', '2015-11-29 08:22:31'),
(549, 33, 150, 0, '2015-11-29 08:22:31', '2015-11-29 08:22:31'),
(550, 3, 150, 0, '2015-11-29 08:22:31', '2015-11-29 08:22:31'),
(551, 24, 149, 0, '2015-11-29 08:22:31', '2015-11-29 08:22:31'),
(552, 5, 149, 0, '2015-11-29 08:22:31', '2015-11-29 08:22:31'),
(553, 50, 149, 0, '2015-11-29 08:22:31', '2015-11-29 08:22:31'),
(554, 48, 149, 0, '2015-11-29 08:22:31', '2015-11-29 08:22:31'),
(555, 37, 149, 0, '2015-11-29 08:22:31', '2015-11-29 08:22:31'),
(556, 8, 148, 1, '2015-11-29 08:22:31', '2015-11-29 08:22:32'),
(557, 45, 148, 0, '2015-11-29 08:22:31', '2015-11-29 08:22:31'),
(558, 10, 148, 0, '2015-11-29 08:22:32', '2015-11-29 08:22:32'),
(559, 40, 148, 0, '2015-11-29 08:22:32', '2015-11-29 08:22:32'),
(560, 1, 148, 0, '2015-11-29 08:22:32', '2015-11-29 08:22:32'),
(561, 45, 147, 1, '2015-11-29 08:22:32', '2015-11-29 08:22:32'),
(562, 36, 147, 0, '2015-11-29 08:22:32', '2015-11-29 08:22:32'),
(563, 30, 147, 0, '2015-11-29 08:22:32', '2015-11-29 08:22:32'),
(564, 17, 147, 0, '2015-11-29 08:22:32', '2015-11-29 08:22:32'),
(565, 15, 147, 0, '2015-11-29 08:22:32', '2015-11-29 08:22:32'),
(566, 41, 146, 0, '2015-11-29 08:22:32', '2015-11-29 08:22:32'),
(567, 8, 146, 0, '2015-11-29 08:22:32', '2015-11-29 08:22:32'),
(568, 27, 146, 0, '2015-11-29 08:22:33', '2015-11-29 08:22:33'),
(569, 48, 146, 0, '2015-11-29 08:22:33', '2015-11-29 08:22:33'),
(570, 26, 146, 0, '2015-11-29 08:22:33', '2015-11-29 08:22:33'),
(571, 23, 145, 0, '2015-11-29 08:22:33', '2015-11-29 08:22:33'),
(572, 20, 145, 0, '2015-11-29 08:22:33', '2015-11-29 08:22:33'),
(573, 1, 145, 0, '2015-11-29 08:22:33', '2015-11-29 08:22:33'),
(574, 42, 145, 0, '2015-11-29 08:22:33', '2015-11-29 08:22:33'),
(575, 34, 145, 0, '2015-11-29 08:22:33', '2015-11-29 08:22:33'),
(576, 32, 144, 0, '2015-11-29 08:22:33', '2015-11-29 08:22:33'),
(577, 47, 144, 0, '2015-11-29 08:22:33', '2015-11-29 08:22:33'),
(578, 30, 144, 0, '2015-11-29 08:22:33', '2015-11-29 08:22:33'),
(579, 45, 144, 0, '2015-11-29 08:22:33', '2015-11-29 08:22:33'),
(580, 6, 144, 0, '2015-11-29 08:22:33', '2015-11-29 08:22:33'),
(581, 47, 127, 1, '2015-11-29 08:22:33', '2015-11-29 08:22:33'),
(582, 16, 127, 0, '2015-11-29 08:22:33', '2015-11-29 08:22:33'),
(583, 31, 127, 0, '2015-11-29 08:22:33', '2015-11-29 08:22:33'),
(584, 21, 127, 0, '2015-11-29 08:22:33', '2015-11-29 08:22:33'),
(585, 33, 127, 0, '2015-11-29 08:22:33', '2015-11-29 08:22:33'),
(586, 15, 128, 1, '2015-11-29 08:22:34', '2015-11-29 08:22:34'),
(587, 12, 128, 0, '2015-11-29 08:22:34', '2015-11-29 08:22:34'),
(588, 16, 128, 0, '2015-11-29 08:22:34', '2015-11-29 08:22:34'),
(589, 5, 128, 0, '2015-11-29 08:22:34', '2015-11-29 08:22:34'),
(590, 41, 128, 0, '2015-11-29 08:22:34', '2015-11-29 08:22:34'),
(591, 44, 129, 0, '2015-11-29 08:22:34', '2015-11-29 08:22:34'),
(592, 9, 129, 0, '2015-11-29 08:22:34', '2015-11-29 08:22:34'),
(593, 37, 129, 0, '2015-11-29 08:22:34', '2015-11-29 08:22:34'),
(594, 47, 129, 0, '2015-11-29 08:22:34', '2015-11-29 08:22:34'),
(595, 31, 129, 0, '2015-11-29 08:22:34', '2015-11-29 08:22:34'),
(596, 13, 130, 0, '2015-11-29 08:22:34', '2015-11-29 08:22:34'),
(597, 5, 130, 0, '2015-11-29 08:22:34', '2015-11-29 08:22:34'),
(598, 8, 130, 0, '2015-11-29 08:22:34', '2015-11-29 08:22:34'),
(599, 48, 130, 0, '2015-11-29 08:22:34', '2015-11-29 08:22:34'),
(600, 36, 130, 0, '2015-11-29 08:22:34', '2015-11-29 08:22:34'),
(601, 10, 131, 0, '2015-11-29 08:22:34', '2015-11-29 08:22:34'),
(602, 26, 131, 0, '2015-11-29 08:22:35', '2015-11-29 08:22:35'),
(603, 26, 131, 0, '2015-11-29 08:22:35', '2015-11-29 08:22:35'),
(604, 26, 131, 0, '2015-11-29 08:22:35', '2015-11-29 08:22:35'),
(605, 23, 131, 0, '2015-11-29 08:22:35', '2015-11-29 08:22:35'),
(606, 5, 132, 1, '2015-11-29 08:22:35', '2015-11-29 08:22:35'),
(607, 33, 132, 0, '2015-11-29 08:22:35', '2015-11-29 08:22:35'),
(608, 44, 132, 0, '2015-11-29 08:22:35', '2015-11-29 08:22:35'),
(609, 15, 132, 0, '2015-11-29 08:22:35', '2015-11-29 08:22:35'),
(610, 45, 132, 0, '2015-11-29 08:22:35', '2015-11-29 08:22:35'),
(611, 41, 133, 1, '2015-11-29 08:22:35', '2015-11-29 08:22:36'),
(612, 50, 133, 0, '2015-11-29 08:22:35', '2015-11-29 08:22:35'),
(613, 13, 133, 0, '2015-11-29 08:22:35', '2015-11-29 08:22:35'),
(614, 44, 133, 0, '2015-11-29 08:22:35', '2015-11-29 08:22:35'),
(615, 3, 133, 0, '2015-11-29 08:22:35', '2015-11-29 08:22:35'),
(616, 43, 134, 0, '2015-11-29 08:22:36', '2015-11-29 08:22:36'),
(617, 20, 134, 0, '2015-11-29 08:22:36', '2015-11-29 08:22:36'),
(618, 45, 134, 0, '2015-11-29 08:22:36', '2015-11-29 08:22:36'),
(619, 22, 134, 0, '2015-11-29 08:22:36', '2015-11-29 08:22:36'),
(620, 33, 134, 0, '2015-11-29 08:22:36', '2015-11-29 08:22:36'),
(621, 38, 126, 0, '2015-11-29 08:22:36', '2015-11-29 08:22:36'),
(622, 45, 126, 0, '2015-11-29 08:22:36', '2015-11-29 08:22:36'),
(623, 25, 126, 0, '2015-11-29 08:22:36', '2015-11-29 08:22:36'),
(624, 36, 126, 0, '2015-11-29 08:22:36', '2015-11-29 08:22:36'),
(625, 31, 126, 0, '2015-11-29 08:22:36', '2015-11-29 08:22:36'),
(626, 38, 125, 0, '2015-11-29 08:22:36', '2015-11-29 08:22:36'),
(627, 41, 125, 0, '2015-11-29 08:22:36', '2015-11-29 08:22:36'),
(628, 18, 125, 0, '2015-11-29 08:22:36', '2015-11-29 08:22:36'),
(629, 41, 125, 0, '2015-11-29 08:22:36', '2015-11-29 08:22:36'),
(630, 44, 125, 0, '2015-11-29 08:22:37', '2015-11-29 08:22:37'),
(631, 38, 117, 1, '2015-11-29 08:22:37', '2015-11-29 08:22:37'),
(632, 21, 117, 0, '2015-11-29 08:22:37', '2015-11-29 08:22:37'),
(633, 8, 117, 0, '2015-11-29 08:22:37', '2015-11-29 08:22:37'),
(634, 48, 117, 0, '2015-11-29 08:22:37', '2015-11-29 08:22:37'),
(635, 43, 117, 0, '2015-11-29 08:22:37', '2015-11-29 08:22:37'),
(636, 43, 118, 1, '2015-11-29 08:22:37', '2015-11-29 08:22:37'),
(637, 19, 118, 0, '2015-11-29 08:22:37', '2015-11-29 08:22:37'),
(638, 36, 118, 0, '2015-11-29 08:22:37', '2015-11-29 08:22:37'),
(639, 43, 118, 0, '2015-11-29 08:22:37', '2015-11-29 08:22:37'),
(640, 39, 118, 0, '2015-11-29 08:22:37', '2015-11-29 08:22:37'),
(641, 50, 119, 0, '2015-11-29 08:22:37', '2015-11-29 08:22:37'),
(642, 50, 119, 0, '2015-11-29 08:22:37', '2015-11-29 08:22:37'),
(643, 8, 119, 0, '2015-11-29 08:22:37', '2015-11-29 08:22:37'),
(644, 14, 119, 0, '2015-11-29 08:22:37', '2015-11-29 08:22:37'),
(645, 7, 119, 0, '2015-11-29 08:22:38', '2015-11-29 08:22:38'),
(646, 32, 120, 0, '2015-11-29 08:22:38', '2015-11-29 08:22:38'),
(647, 37, 120, 0, '2015-11-29 08:22:38', '2015-11-29 08:22:38'),
(648, 11, 120, 0, '2015-11-29 08:22:38', '2015-11-29 08:22:38'),
(649, 1, 120, 0, '2015-11-29 08:22:38', '2015-11-29 08:22:38'),
(650, 24, 120, 0, '2015-11-29 08:22:38', '2015-11-29 08:22:38'),
(651, 26, 121, 0, '2015-11-29 08:22:38', '2015-11-29 08:22:38'),
(652, 8, 121, 0, '2015-11-29 08:22:38', '2015-11-29 08:22:38'),
(653, 40, 121, 0, '2015-11-29 08:22:38', '2015-11-29 08:22:38'),
(654, 36, 121, 0, '2015-11-29 08:22:38', '2015-11-29 08:22:38'),
(655, 7, 121, 0, '2015-11-29 08:22:38', '2015-11-29 08:22:38'),
(656, 27, 122, 1, '2015-11-29 08:22:38', '2015-11-29 08:22:39'),
(657, 42, 122, 0, '2015-11-29 08:22:38', '2015-11-29 08:22:38'),
(658, 48, 122, 0, '2015-11-29 08:22:38', '2015-11-29 08:22:38'),
(659, 7, 122, 0, '2015-11-29 08:22:38', '2015-11-29 08:22:38'),
(660, 34, 122, 0, '2015-11-29 08:22:38', '2015-11-29 08:22:38'),
(661, 50, 123, 1, '2015-11-29 08:22:39', '2015-11-29 08:22:39'),
(662, 45, 123, 0, '2015-11-29 08:22:39', '2015-11-29 08:22:39'),
(663, 27, 123, 0, '2015-11-29 08:22:39', '2015-11-29 08:22:39'),
(664, 49, 123, 0, '2015-11-29 08:22:39', '2015-11-29 08:22:39'),
(665, 29, 123, 0, '2015-11-29 08:22:39', '2015-11-29 08:22:39'),
(666, 38, 124, 0, '2015-11-29 08:22:39', '2015-11-29 08:22:39'),
(667, 13, 124, 0, '2015-11-29 08:22:39', '2015-11-29 08:22:39'),
(668, 9, 124, 0, '2015-11-29 08:22:39', '2015-11-29 08:22:39'),
(669, 18, 124, 0, '2015-11-29 08:22:39', '2015-11-29 08:22:39'),
(670, 16, 124, 0, '2015-11-29 08:22:39', '2015-11-29 08:22:39'),
(671, 49, 107, 1, '2015-11-29 08:22:39', '2015-11-29 08:22:40'),
(672, 12, 107, 0, '2015-11-29 08:22:39', '2015-11-29 08:22:39'),
(673, 21, 107, 0, '2015-11-29 08:22:39', '2015-11-29 08:22:39'),
(674, 32, 107, 0, '2015-11-29 08:22:39', '2015-11-29 08:22:39'),
(675, 8, 107, 0, '2015-11-29 08:22:40', '2015-11-29 08:22:40'),
(676, 24, 106, 0, '2015-11-29 08:22:40', '2015-11-29 08:22:40'),
(677, 5, 106, 0, '2015-11-29 08:22:40', '2015-11-29 08:22:40'),
(678, 21, 106, 0, '2015-11-29 08:22:40', '2015-11-29 08:22:40'),
(679, 20, 106, 0, '2015-11-29 08:22:40', '2015-11-29 08:22:40'),
(680, 24, 106, 0, '2015-11-29 08:22:40', '2015-11-29 08:22:40'),
(681, 21, 105, 0, '2015-11-29 08:22:40', '2015-11-29 08:22:40'),
(682, 4, 105, 0, '2015-11-29 08:22:40', '2015-11-29 08:22:40'),
(683, 16, 105, 0, '2015-11-29 08:22:40', '2015-11-29 08:22:40'),
(684, 3, 105, 0, '2015-11-29 08:22:40', '2015-11-29 08:22:40'),
(685, 15, 105, 0, '2015-11-29 08:22:40', '2015-11-29 08:22:40'),
(686, 41, 104, 0, '2015-11-29 08:22:40', '2015-11-29 08:22:40'),
(687, 40, 104, 0, '2015-11-29 08:22:40', '2015-11-29 08:22:40'),
(688, 18, 104, 0, '2015-11-29 08:22:40', '2015-11-29 08:22:40'),
(689, 9, 104, 0, '2015-11-29 08:22:40', '2015-11-29 08:22:40'),
(690, 13, 104, 0, '2015-11-29 08:22:41', '2015-11-29 08:22:41'),
(691, 31, 103, 1, '2015-11-29 08:22:41', '2015-11-29 08:22:41'),
(692, 8, 103, 0, '2015-11-29 08:22:41', '2015-11-29 08:22:41'),
(693, 6, 103, 0, '2015-11-29 08:22:41', '2015-11-29 08:22:41'),
(694, 32, 103, 0, '2015-11-29 08:22:41', '2015-11-29 08:22:41'),
(695, 23, 103, 0, '2015-11-29 08:22:41', '2015-11-29 08:22:41'),
(696, 43, 102, 1, '2015-11-29 08:22:41', '2015-11-29 08:22:41'),
(697, 10, 102, 0, '2015-11-29 08:22:41', '2015-11-29 08:22:41'),
(698, 40, 102, 0, '2015-11-29 08:22:41', '2015-11-29 08:22:41'),
(699, 46, 102, 0, '2015-11-29 08:22:41', '2015-11-29 08:22:41'),
(700, 8, 102, 0, '2015-11-29 08:22:41', '2015-11-29 08:22:41'),
(701, 16, 108, 1, '2015-11-29 08:22:41', '2015-11-29 08:22:42'),
(702, 47, 108, 0, '2015-11-29 08:22:41', '2015-11-29 08:22:41'),
(703, 48, 108, 0, '2015-11-29 08:22:41', '2015-11-29 08:22:41'),
(704, 5, 108, 0, '2015-11-29 08:22:41', '2015-11-29 08:22:41'),
(705, 31, 108, 0, '2015-11-29 08:22:41', '2015-11-29 08:22:41'),
(706, 19, 109, 0, '2015-11-29 08:22:42', '2015-11-29 08:22:42'),
(707, 4, 109, 0, '2015-11-29 08:22:42', '2015-11-29 08:22:42'),
(708, 20, 109, 0, '2015-11-29 08:22:42', '2015-11-29 08:22:42'),
(709, 43, 109, 0, '2015-11-29 08:22:42', '2015-11-29 08:22:42'),
(710, 45, 109, 0, '2015-11-29 08:22:42', '2015-11-29 08:22:42'),
(711, 40, 110, 0, '2015-11-29 08:22:42', '2015-11-29 08:22:42'),
(712, 11, 110, 0, '2015-11-29 08:22:42', '2015-11-29 08:22:42'),
(713, 42, 110, 0, '2015-11-29 08:22:42', '2015-11-29 08:22:42'),
(714, 31, 110, 0, '2015-11-29 08:22:42', '2015-11-29 08:22:42'),
(715, 10, 110, 0, '2015-11-29 08:22:42', '2015-11-29 08:22:42'),
(716, 38, 116, 0, '2015-11-29 08:22:42', '2015-11-29 08:22:42'),
(717, 37, 116, 0, '2015-11-29 08:22:43', '2015-11-29 08:22:43'),
(718, 35, 116, 0, '2015-11-29 08:22:43', '2015-11-29 08:22:43'),
(719, 31, 116, 0, '2015-11-29 08:22:43', '2015-11-29 08:22:43'),
(720, 40, 116, 0, '2015-11-29 08:22:43', '2015-11-29 08:22:43'),
(721, 14, 115, 0, '2015-11-29 08:22:43', '2015-11-29 08:22:43'),
(722, 45, 115, 0, '2015-11-29 08:22:43', '2015-11-29 08:22:43'),
(723, 19, 115, 0, '2015-11-29 08:22:43', '2015-11-29 08:22:43'),
(724, 4, 115, 0, '2015-11-29 08:22:43', '2015-11-29 08:22:43'),
(725, 36, 115, 0, '2015-11-29 08:22:43', '2015-11-29 08:22:43'),
(726, 31, 114, 0, '2015-11-29 08:22:43', '2015-11-29 08:22:43'),
(727, 4, 114, 0, '2015-11-29 08:22:43', '2015-11-29 08:22:43'),
(728, 29, 114, 0, '2015-11-29 08:22:43', '2015-11-29 08:22:43'),
(729, 5, 114, 0, '2015-11-29 08:22:43', '2015-11-29 08:22:43'),
(730, 5, 114, 0, '2015-11-29 08:22:43', '2015-11-29 08:22:43'),
(731, 33, 113, 1, '2015-11-29 08:22:43', '2015-11-29 08:22:44'),
(732, 18, 113, 0, '2015-11-29 08:22:43', '2015-11-29 08:22:43'),
(733, 25, 113, 0, '2015-11-29 08:22:44', '2015-11-29 08:22:44'),
(734, 50, 113, 0, '2015-11-29 08:22:44', '2015-11-29 08:22:44'),
(735, 6, 113, 0, '2015-11-29 08:22:44', '2015-11-29 08:22:44'),
(736, 4, 112, 1, '2015-11-29 08:22:44', '2015-11-29 08:22:44'),
(737, 24, 112, 0, '2015-11-29 08:22:44', '2015-11-29 08:22:44'),
(738, 42, 112, 0, '2015-11-29 08:22:44', '2015-11-29 08:22:44'),
(739, 48, 112, 0, '2015-11-29 08:22:44', '2015-11-29 08:22:44'),
(740, 19, 112, 0, '2015-11-29 08:22:44', '2015-11-29 08:22:44'),
(741, 13, 111, 0, '2015-11-29 08:22:44', '2015-11-29 08:22:44'),
(742, 34, 111, 0, '2015-11-29 08:22:44', '2015-11-29 08:22:44'),
(743, 48, 111, 0, '2015-11-29 08:22:44', '2015-11-29 08:22:44'),
(744, 12, 111, 0, '2015-11-29 08:22:44', '2015-11-29 08:22:44'),
(745, 28, 111, 0, '2015-11-29 08:22:44', '2015-11-29 08:22:44'),
(746, 18, 92, 1, '2015-11-29 08:22:44', '2015-11-29 08:22:45'),
(747, 14, 92, 0, '2015-11-29 08:22:44', '2015-11-29 08:22:44'),
(748, 49, 92, 0, '2015-11-29 08:22:44', '2015-11-29 08:22:44'),
(749, 9, 92, 0, '2015-11-29 08:22:44', '2015-11-29 08:22:44'),
(750, 39, 92, 0, '2015-11-29 08:22:45', '2015-11-29 08:22:45'),
(751, 15, 91, 0, '2015-11-29 08:22:45', '2015-11-29 08:22:45'),
(752, 35, 91, 0, '2015-11-29 08:22:45', '2015-11-29 08:22:45'),
(753, 16, 91, 0, '2015-11-29 08:22:45', '2015-11-29 08:22:45'),
(754, 42, 91, 0, '2015-11-29 08:22:45', '2015-11-29 08:22:45'),
(755, 30, 91, 0, '2015-11-29 08:22:45', '2015-11-29 08:22:45'),
(756, 32, 90, 0, '2015-11-29 08:22:45', '2015-11-29 08:22:45'),
(757, 34, 90, 0, '2015-11-29 08:22:45', '2015-11-29 08:22:45'),
(758, 41, 90, 0, '2015-11-29 08:22:45', '2015-11-29 08:22:45'),
(759, 33, 90, 0, '2015-11-29 08:22:45', '2015-11-29 08:22:45'),
(760, 37, 90, 0, '2015-11-29 08:22:45', '2015-11-29 08:22:45'),
(761, 15, 89, 0, '2015-11-29 08:22:45', '2015-11-29 08:22:45'),
(762, 34, 89, 0, '2015-11-29 08:22:45', '2015-11-29 08:22:45'),
(763, 46, 89, 0, '2015-11-29 08:22:45', '2015-11-29 08:22:45'),
(764, 4, 89, 0, '2015-11-29 08:22:46', '2015-11-29 08:22:46'),
(765, 16, 89, 0, '2015-11-29 08:22:46', '2015-11-29 08:22:46'),
(766, 16, 88, 1, '2015-11-29 08:22:46', '2015-11-29 08:22:46'),
(767, 28, 88, 0, '2015-11-29 08:22:46', '2015-11-29 08:22:46'),
(768, 48, 88, 0, '2015-11-29 08:22:46', '2015-11-29 08:22:46'),
(769, 36, 88, 0, '2015-11-29 08:22:46', '2015-11-29 08:22:46'),
(770, 20, 88, 0, '2015-11-29 08:22:46', '2015-11-29 08:22:46'),
(771, 2, 87, 1, '2015-11-29 08:22:46', '2015-11-29 08:22:46'),
(772, 1, 87, 0, '2015-11-29 08:22:46', '2015-11-29 08:22:46'),
(773, 29, 87, 0, '2015-11-29 08:22:46', '2015-11-29 08:22:46'),
(774, 44, 87, 0, '2015-11-29 08:22:46', '2015-11-29 08:22:46'),
(775, 12, 87, 0, '2015-11-29 08:22:46', '2015-11-29 08:22:46'),
(776, 4, 86, 0, '2015-11-29 08:22:46', '2015-11-29 08:22:46'),
(777, 45, 86, 0, '2015-11-29 08:22:46', '2015-11-29 08:22:46'),
(778, 20, 86, 0, '2015-11-29 08:22:46', '2015-11-29 08:22:46'),
(779, 23, 86, 0, '2015-11-29 08:22:46', '2015-11-29 08:22:46'),
(780, 26, 86, 0, '2015-11-29 08:22:47', '2015-11-29 08:22:47'),
(781, 14, 93, 1, '2015-11-29 08:22:47', '2015-11-29 08:22:47'),
(782, 1, 93, 0, '2015-11-29 08:22:47', '2015-11-29 08:22:47'),
(783, 26, 93, 0, '2015-11-29 08:22:47', '2015-11-29 08:22:47'),
(784, 28, 93, 0, '2015-11-29 08:22:47', '2015-11-29 08:22:47'),
(785, 20, 93, 0, '2015-11-29 08:22:47', '2015-11-29 08:22:47'),
(786, 24, 95, 0, '2015-11-29 08:22:47', '2015-11-29 08:22:47'),
(787, 24, 95, 0, '2015-11-29 08:22:47', '2015-11-29 08:22:47'),
(788, 12, 95, 0, '2015-11-29 08:22:47', '2015-11-29 08:22:47'),
(789, 9, 95, 0, '2015-11-29 08:22:47', '2015-11-29 08:22:47'),
(790, 18, 95, 0, '2015-11-29 08:22:47', '2015-11-29 08:22:47'),
(791, 18, 101, 0, '2015-11-29 08:22:47', '2015-11-29 08:22:47'),
(792, 42, 101, 0, '2015-11-29 08:22:47', '2015-11-29 08:22:47'),
(793, 14, 101, 0, '2015-11-29 08:22:47', '2015-11-29 08:22:47'),
(794, 44, 101, 0, '2015-11-29 08:22:47', '2015-11-29 08:22:47'),
(795, 13, 101, 0, '2015-11-29 08:22:47', '2015-11-29 08:22:47'),
(796, 45, 100, 0, '2015-11-29 08:22:47', '2015-11-29 08:22:47');
INSERT INTO `offers` (`id`, `user_id`, `service_request_id`, `accepted`, `created_at`, `updated_at`) VALUES
(797, 19, 100, 0, '2015-11-29 08:22:47', '2015-11-29 08:22:47'),
(798, 45, 100, 0, '2015-11-29 08:22:47', '2015-11-29 08:22:47'),
(799, 20, 100, 0, '2015-11-29 08:22:48', '2015-11-29 08:22:48'),
(800, 26, 100, 0, '2015-11-29 08:22:48', '2015-11-29 08:22:48'),
(801, 18, 99, 0, '2015-11-29 08:22:48', '2015-11-29 08:22:48'),
(802, 30, 99, 0, '2015-11-29 08:22:48', '2015-11-29 08:22:48'),
(803, 39, 99, 0, '2015-11-29 08:22:48', '2015-11-29 08:22:48'),
(804, 24, 99, 0, '2015-11-29 08:22:48', '2015-11-29 08:22:48'),
(805, 44, 99, 0, '2015-11-29 08:22:48', '2015-11-29 08:22:48'),
(806, 44, 98, 1, '2015-11-29 08:22:48', '2015-11-29 08:22:49'),
(807, 15, 98, 0, '2015-11-29 08:22:48', '2015-11-29 08:22:48'),
(808, 28, 98, 0, '2015-11-29 08:22:48', '2015-11-29 08:22:48'),
(809, 16, 98, 0, '2015-11-29 08:22:48', '2015-11-29 08:22:48'),
(810, 35, 98, 0, '2015-11-29 08:22:48', '2015-11-29 08:22:48'),
(811, 20, 97, 1, '2015-11-29 08:22:49', '2015-11-29 08:22:49'),
(812, 33, 97, 0, '2015-11-29 08:22:49', '2015-11-29 08:22:49'),
(813, 5, 97, 0, '2015-11-29 08:22:49', '2015-11-29 08:22:49'),
(814, 32, 97, 0, '2015-11-29 08:22:49', '2015-11-29 08:22:49'),
(815, 38, 97, 0, '2015-11-29 08:22:49', '2015-11-29 08:22:49'),
(816, 18, 96, 0, '2015-11-29 08:22:49', '2015-11-29 08:22:49'),
(817, 1, 96, 0, '2015-11-29 08:22:49', '2015-11-29 08:22:49'),
(818, 19, 96, 0, '2015-11-29 08:22:49', '2015-11-29 08:22:49'),
(819, 22, 96, 0, '2015-11-29 08:22:49', '2015-11-29 08:22:49'),
(820, 2, 96, 0, '2015-11-29 08:22:49', '2015-11-29 08:22:49'),
(821, 26, 94, 0, '2015-11-29 08:22:49', '2015-11-29 08:22:49'),
(822, 37, 94, 0, '2015-11-29 08:22:50', '2015-11-29 08:22:50'),
(823, 16, 94, 0, '2015-11-29 08:22:50', '2015-11-29 08:22:50'),
(824, 2, 94, 0, '2015-11-29 08:22:50', '2015-11-29 08:22:50'),
(825, 31, 94, 0, '2015-11-29 08:22:50', '2015-11-29 08:22:50'),
(826, 3, 76, 0, '2015-11-29 08:22:50', '2015-11-29 08:22:50'),
(827, 33, 76, 0, '2015-11-29 08:22:50', '2015-11-29 08:22:50'),
(828, 49, 76, 0, '2015-11-29 08:22:50', '2015-11-29 08:22:50'),
(829, 14, 76, 0, '2015-11-29 08:22:50', '2015-11-29 08:22:50'),
(830, 2, 76, 0, '2015-11-29 08:22:50', '2015-11-29 08:22:50'),
(831, 39, 75, 0, '2015-11-29 08:22:50', '2015-11-29 08:22:50'),
(832, 4, 75, 0, '2015-11-29 08:22:50', '2015-11-29 08:22:50'),
(833, 19, 75, 0, '2015-11-29 08:22:50', '2015-11-29 08:22:50'),
(834, 46, 75, 0, '2015-11-29 08:22:50', '2015-11-29 08:22:50'),
(835, 41, 75, 0, '2015-11-29 08:22:50', '2015-11-29 08:22:50'),
(836, 8, 74, 0, '2015-11-29 08:22:50', '2015-11-29 08:22:50'),
(837, 47, 74, 0, '2015-11-29 08:22:50', '2015-11-29 08:22:50'),
(838, 31, 74, 0, '2015-11-29 08:22:50', '2015-11-29 08:22:50'),
(839, 48, 74, 0, '2015-11-29 08:22:50', '2015-11-29 08:22:50'),
(840, 36, 74, 0, '2015-11-29 08:22:51', '2015-11-29 08:22:51'),
(841, 14, 73, 1, '2015-11-29 08:22:51', '2015-11-29 08:22:51'),
(842, 44, 73, 0, '2015-11-29 08:22:51', '2015-11-29 08:22:51'),
(843, 36, 73, 0, '2015-11-29 08:22:51', '2015-11-29 08:22:51'),
(844, 46, 73, 0, '2015-11-29 08:22:51', '2015-11-29 08:22:51'),
(845, 41, 73, 0, '2015-11-29 08:22:51', '2015-11-29 08:22:51'),
(846, 49, 72, 1, '2015-11-29 08:22:51', '2015-11-29 08:22:51'),
(847, 7, 72, 0, '2015-11-29 08:22:51', '2015-11-29 08:22:51'),
(848, 28, 72, 0, '2015-11-29 08:22:51', '2015-11-29 08:22:51'),
(849, 44, 72, 0, '2015-11-29 08:22:51', '2015-11-29 08:22:51'),
(850, 26, 72, 0, '2015-11-29 08:22:51', '2015-11-29 08:22:51'),
(851, 46, 71, 0, '2015-11-29 08:22:51', '2015-11-29 08:22:51'),
(852, 24, 71, 0, '2015-11-29 08:22:51', '2015-11-29 08:22:51'),
(853, 20, 71, 0, '2015-11-29 08:22:51', '2015-11-29 08:22:51'),
(854, 37, 71, 0, '2015-11-29 08:22:51', '2015-11-29 08:22:51'),
(855, 31, 71, 0, '2015-11-29 08:22:51', '2015-11-29 08:22:51'),
(856, 16, 70, 0, '2015-11-29 08:22:51', '2015-11-29 08:22:51'),
(857, 12, 70, 0, '2015-11-29 08:22:51', '2015-11-29 08:22:51'),
(858, 16, 70, 0, '2015-11-29 08:22:52', '2015-11-29 08:22:52'),
(859, 24, 70, 0, '2015-11-29 08:22:52', '2015-11-29 08:22:52'),
(860, 17, 70, 0, '2015-11-29 08:22:52', '2015-11-29 08:22:52'),
(861, 4, 77, 1, '2015-11-29 08:22:52', '2015-11-29 08:22:52'),
(862, 11, 77, 0, '2015-11-29 08:22:52', '2015-11-29 08:22:52'),
(863, 8, 77, 0, '2015-11-29 08:22:52', '2015-11-29 08:22:52'),
(864, 28, 77, 0, '2015-11-29 08:22:52', '2015-11-29 08:22:52'),
(865, 1, 77, 0, '2015-11-29 08:22:52', '2015-11-29 08:22:52'),
(866, 49, 78, 1, '2015-11-29 08:22:52', '2015-11-29 08:22:52'),
(867, 20, 78, 0, '2015-11-29 08:22:52', '2015-11-29 08:22:52'),
(868, 45, 78, 0, '2015-11-29 08:22:52', '2015-11-29 08:22:52'),
(869, 1, 78, 0, '2015-11-29 08:22:52', '2015-11-29 08:22:52'),
(870, 20, 78, 0, '2015-11-29 08:22:52', '2015-11-29 08:22:52'),
(871, 47, 85, 0, '2015-11-29 08:22:52', '2015-11-29 08:22:52'),
(872, 12, 85, 0, '2015-11-29 08:22:53', '2015-11-29 08:22:53'),
(873, 31, 85, 0, '2015-11-29 08:22:53', '2015-11-29 08:22:53'),
(874, 34, 85, 0, '2015-11-29 08:22:53', '2015-11-29 08:22:53'),
(875, 47, 85, 0, '2015-11-29 08:22:53', '2015-11-29 08:22:53'),
(876, 49, 84, 0, '2015-11-29 08:22:53', '2015-11-29 08:22:53'),
(877, 7, 84, 0, '2015-11-29 08:22:53', '2015-11-29 08:22:53'),
(878, 48, 84, 0, '2015-11-29 08:22:53', '2015-11-29 08:22:53'),
(879, 50, 84, 0, '2015-11-29 08:22:53', '2015-11-29 08:22:53'),
(880, 34, 84, 0, '2015-11-29 08:22:53', '2015-11-29 08:22:53'),
(881, 42, 83, 1, '2015-11-29 08:22:54', '2015-11-29 08:22:54'),
(882, 39, 83, 0, '2015-11-29 08:22:54', '2015-11-29 08:22:54'),
(883, 12, 83, 0, '2015-11-29 08:22:54', '2015-11-29 08:22:54'),
(884, 42, 83, 0, '2015-11-29 08:22:54', '2015-11-29 08:22:54'),
(885, 30, 83, 0, '2015-11-29 08:22:54', '2015-11-29 08:22:54'),
(886, 4, 82, 1, '2015-11-29 08:22:54', '2015-11-29 08:22:54'),
(887, 37, 82, 0, '2015-11-29 08:22:54', '2015-11-29 08:22:54'),
(888, 7, 82, 0, '2015-11-29 08:22:54', '2015-11-29 08:22:54'),
(889, 33, 82, 0, '2015-11-29 08:22:54', '2015-11-29 08:22:54'),
(890, 1, 82, 0, '2015-11-29 08:22:54', '2015-11-29 08:22:54'),
(891, 5, 81, 0, '2015-11-29 08:22:54', '2015-11-29 08:22:54'),
(892, 16, 81, 0, '2015-11-29 08:22:54', '2015-11-29 08:22:54'),
(893, 18, 81, 0, '2015-11-29 08:22:54', '2015-11-29 08:22:54'),
(894, 12, 81, 0, '2015-11-29 08:22:54', '2015-11-29 08:22:54'),
(895, 31, 81, 0, '2015-11-29 08:22:54', '2015-11-29 08:22:54'),
(896, 50, 80, 0, '2015-11-29 08:22:55', '2015-11-29 08:22:55'),
(897, 48, 80, 0, '2015-11-29 08:22:55', '2015-11-29 08:22:55'),
(898, 32, 80, 0, '2015-11-29 08:22:55', '2015-11-29 08:22:55'),
(899, 32, 80, 0, '2015-11-29 08:22:55', '2015-11-29 08:22:55'),
(900, 47, 80, 0, '2015-11-29 08:22:55', '2015-11-29 08:22:55'),
(901, 37, 79, 0, '2015-11-29 08:22:55', '2015-11-29 08:22:55'),
(902, 27, 79, 0, '2015-11-29 08:22:55', '2015-11-29 08:22:55'),
(903, 14, 79, 0, '2015-11-29 08:22:55', '2015-11-29 08:22:55'),
(904, 22, 79, 0, '2015-11-29 08:22:55', '2015-11-29 08:22:55'),
(905, 3, 79, 0, '2015-11-29 08:22:55', '2015-11-29 08:22:55'),
(906, 12, 59, 0, '2015-11-29 08:22:55', '2015-11-29 08:22:55'),
(907, 31, 59, 0, '2015-11-29 08:22:55', '2015-11-29 08:22:55'),
(908, 19, 59, 0, '2015-11-29 08:22:55', '2015-11-29 08:22:55'),
(909, 28, 59, 0, '2015-11-29 08:22:55', '2015-11-29 08:22:55'),
(910, 6, 59, 0, '2015-11-29 08:22:55', '2015-11-29 08:22:55'),
(911, 48, 58, 1, '2015-11-29 08:22:55', '2015-11-29 08:22:56'),
(912, 5, 58, 0, '2015-11-29 08:22:55', '2015-11-29 08:22:55'),
(913, 45, 58, 0, '2015-11-29 08:22:55', '2015-11-29 08:22:55'),
(914, 47, 58, 0, '2015-11-29 08:22:55', '2015-11-29 08:22:55'),
(915, 1, 58, 0, '2015-11-29 08:22:56', '2015-11-29 08:22:56'),
(916, 22, 57, 1, '2015-11-29 08:22:56', '2015-11-29 08:22:56'),
(917, 38, 57, 0, '2015-11-29 08:22:56', '2015-11-29 08:22:56'),
(918, 19, 57, 0, '2015-11-29 08:22:56', '2015-11-29 08:22:56'),
(919, 20, 57, 0, '2015-11-29 08:22:56', '2015-11-29 08:22:56'),
(920, 34, 57, 0, '2015-11-29 08:22:56', '2015-11-29 08:22:56'),
(921, 15, 56, 0, '2015-11-29 08:22:56', '2015-11-29 08:22:56'),
(922, 10, 56, 0, '2015-11-29 08:22:56', '2015-11-29 08:22:56'),
(923, 8, 56, 0, '2015-11-29 08:22:56', '2015-11-29 08:22:56'),
(924, 50, 56, 0, '2015-11-29 08:22:56', '2015-11-29 08:22:56'),
(925, 39, 56, 0, '2015-11-29 08:22:56', '2015-11-29 08:22:56'),
(926, 50, 55, 0, '2015-11-29 08:22:56', '2015-11-29 08:22:56'),
(927, 9, 55, 0, '2015-11-29 08:22:57', '2015-11-29 08:22:57'),
(928, 11, 55, 0, '2015-11-29 08:22:57', '2015-11-29 08:22:57'),
(929, 34, 55, 0, '2015-11-29 08:22:57', '2015-11-29 08:22:57'),
(930, 25, 55, 0, '2015-11-29 08:22:57', '2015-11-29 08:22:57'),
(931, 41, 54, 0, '2015-11-29 08:22:57', '2015-11-29 08:22:57'),
(932, 44, 54, 0, '2015-11-29 08:22:57', '2015-11-29 08:22:57'),
(933, 18, 54, 0, '2015-11-29 08:22:57', '2015-11-29 08:22:57'),
(934, 49, 54, 0, '2015-11-29 08:22:57', '2015-11-29 08:22:57'),
(935, 38, 54, 0, '2015-11-29 08:22:57', '2015-11-29 08:22:57'),
(936, 18, 53, 1, '2015-11-29 08:22:57', '2015-11-29 08:22:57'),
(937, 36, 53, 0, '2015-11-29 08:22:57', '2015-11-29 08:22:57'),
(938, 2, 53, 0, '2015-11-29 08:22:57', '2015-11-29 08:22:57'),
(939, 32, 53, 0, '2015-11-29 08:22:57', '2015-11-29 08:22:57'),
(940, 30, 53, 0, '2015-11-29 08:22:57', '2015-11-29 08:22:57'),
(941, 1, 52, 1, '2015-11-29 08:22:57', '2015-11-29 08:22:58'),
(942, 8, 52, 0, '2015-11-29 08:22:57', '2015-11-29 08:22:57'),
(943, 15, 52, 0, '2015-11-29 08:22:57', '2015-11-29 08:22:57'),
(944, 36, 52, 0, '2015-11-29 08:22:58', '2015-11-29 08:22:58'),
(945, 13, 52, 0, '2015-11-29 08:22:58', '2015-11-29 08:22:58'),
(946, 6, 60, 0, '2015-11-29 08:22:58', '2015-11-29 08:22:58'),
(947, 9, 60, 0, '2015-11-29 08:22:58', '2015-11-29 08:22:58'),
(948, 7, 60, 0, '2015-11-29 08:22:58', '2015-11-29 08:22:58'),
(949, 40, 60, 0, '2015-11-29 08:22:58', '2015-11-29 08:22:58'),
(950, 46, 60, 0, '2015-11-29 08:22:58', '2015-11-29 08:22:58'),
(951, 47, 61, 0, '2015-11-29 08:22:58', '2015-11-29 08:22:58'),
(952, 10, 61, 0, '2015-11-29 08:22:58', '2015-11-29 08:22:58'),
(953, 4, 61, 0, '2015-11-29 08:22:58', '2015-11-29 08:22:58'),
(954, 48, 61, 0, '2015-11-29 08:22:58', '2015-11-29 08:22:58'),
(955, 3, 61, 0, '2015-11-29 08:22:58', '2015-11-29 08:22:58'),
(956, 38, 69, 0, '2015-11-29 08:22:58', '2015-11-29 08:22:58'),
(957, 2, 69, 0, '2015-11-29 08:22:58', '2015-11-29 08:22:58'),
(958, 39, 69, 0, '2015-11-29 08:22:58', '2015-11-29 08:22:58'),
(959, 12, 69, 0, '2015-11-29 08:22:58', '2015-11-29 08:22:58'),
(960, 39, 69, 0, '2015-11-29 08:22:59', '2015-11-29 08:22:59'),
(961, 13, 68, 1, '2015-11-29 08:22:59', '2015-11-29 08:22:59'),
(962, 39, 68, 0, '2015-11-29 08:22:59', '2015-11-29 08:22:59'),
(963, 38, 68, 0, '2015-11-29 08:22:59', '2015-11-29 08:22:59'),
(964, 39, 68, 0, '2015-11-29 08:22:59', '2015-11-29 08:22:59'),
(965, 1, 68, 0, '2015-11-29 08:22:59', '2015-11-29 08:22:59'),
(966, 40, 67, 1, '2015-11-29 08:22:59', '2015-11-29 08:22:59'),
(967, 48, 67, 0, '2015-11-29 08:22:59', '2015-11-29 08:22:59'),
(968, 45, 67, 0, '2015-11-29 08:22:59', '2015-11-29 08:22:59'),
(969, 13, 67, 0, '2015-11-29 08:22:59', '2015-11-29 08:22:59'),
(970, 17, 67, 0, '2015-11-29 08:22:59', '2015-11-29 08:22:59'),
(971, 30, 66, 0, '2015-11-29 08:23:00', '2015-11-29 08:23:00'),
(972, 18, 66, 0, '2015-11-29 08:23:00', '2015-11-29 08:23:00'),
(973, 39, 66, 0, '2015-11-29 08:23:00', '2015-11-29 08:23:00'),
(974, 7, 66, 0, '2015-11-29 08:23:00', '2015-11-29 08:23:00'),
(975, 17, 66, 0, '2015-11-29 08:23:00', '2015-11-29 08:23:00'),
(976, 40, 65, 0, '2015-11-29 08:23:00', '2015-11-29 08:23:00'),
(977, 47, 65, 0, '2015-11-29 08:23:00', '2015-11-29 08:23:00'),
(978, 1, 65, 0, '2015-11-29 08:23:00', '2015-11-29 08:23:00'),
(979, 24, 65, 0, '2015-11-29 08:23:00', '2015-11-29 08:23:00'),
(980, 47, 65, 0, '2015-11-29 08:23:00', '2015-11-29 08:23:00'),
(981, 42, 64, 0, '2015-11-29 08:23:00', '2015-11-29 08:23:00'),
(982, 13, 64, 0, '2015-11-29 08:23:00', '2015-11-29 08:23:00'),
(983, 49, 64, 0, '2015-11-29 08:23:00', '2015-11-29 08:23:00'),
(984, 35, 64, 0, '2015-11-29 08:23:00', '2015-11-29 08:23:00'),
(985, 1, 64, 0, '2015-11-29 08:23:00', '2015-11-29 08:23:00'),
(986, 48, 63, 1, '2015-11-29 08:23:00', '2015-11-29 08:23:00'),
(987, 46, 63, 0, '2015-11-29 08:23:00', '2015-11-29 08:23:00'),
(988, 29, 63, 0, '2015-11-29 08:23:00', '2015-11-29 08:23:00'),
(989, 35, 63, 0, '2015-11-29 08:23:00', '2015-11-29 08:23:00'),
(990, 23, 63, 0, '2015-11-29 08:23:00', '2015-11-29 08:23:00'),
(991, 39, 62, 1, '2015-11-29 08:23:01', '2015-11-29 08:23:01'),
(992, 43, 62, 0, '2015-11-29 08:23:01', '2015-11-29 08:23:01'),
(993, 2, 62, 0, '2015-11-29 08:23:01', '2015-11-29 08:23:01'),
(994, 11, 62, 0, '2015-11-29 08:23:01', '2015-11-29 08:23:01'),
(995, 44, 62, 0, '2015-11-29 08:23:01', '2015-11-29 08:23:01'),
(996, 34, 41, 0, '2015-11-29 08:23:01', '2015-11-29 08:23:01'),
(997, 33, 41, 0, '2015-11-29 08:23:01', '2015-11-29 08:23:01'),
(998, 24, 41, 0, '2015-11-29 08:23:01', '2015-11-29 08:23:01'),
(999, 12, 41, 0, '2015-11-29 08:23:01', '2015-11-29 08:23:01'),
(1000, 1, 41, 0, '2015-11-29 08:23:01', '2015-11-29 08:23:01'),
(1001, 19, 40, 0, '2015-11-29 08:23:01', '2015-11-29 08:23:01'),
(1002, 7, 40, 0, '2015-11-29 08:23:01', '2015-11-29 08:23:01'),
(1003, 2, 40, 0, '2015-11-29 08:23:01', '2015-11-29 08:23:01'),
(1004, 45, 40, 0, '2015-11-29 08:23:01', '2015-11-29 08:23:01'),
(1005, 18, 40, 0, '2015-11-29 08:23:01', '2015-11-29 08:23:01'),
(1006, 13, 39, 0, '2015-11-29 08:23:01', '2015-11-29 08:23:01'),
(1007, 49, 39, 0, '2015-11-29 08:23:02', '2015-11-29 08:23:02'),
(1008, 24, 39, 0, '2015-11-29 08:23:02', '2015-11-29 08:23:02'),
(1009, 8, 39, 0, '2015-11-29 08:23:02', '2015-11-29 08:23:02'),
(1010, 37, 39, 0, '2015-11-29 08:23:02', '2015-11-29 08:23:02'),
(1011, 45, 38, 1, '2015-11-29 08:23:02', '2015-11-29 08:23:02'),
(1012, 35, 38, 0, '2015-11-29 08:23:02', '2015-11-29 08:23:02'),
(1013, 41, 38, 0, '2015-11-29 08:23:02', '2015-11-29 08:23:02'),
(1014, 13, 38, 0, '2015-11-29 08:23:02', '2015-11-29 08:23:02'),
(1015, 43, 38, 0, '2015-11-29 08:23:02', '2015-11-29 08:23:02'),
(1016, 28, 37, 1, '2015-11-29 08:23:02', '2015-11-29 08:23:02'),
(1017, 30, 37, 0, '2015-11-29 08:23:02', '2015-11-29 08:23:02'),
(1018, 31, 37, 0, '2015-11-29 08:23:02', '2015-11-29 08:23:02'),
(1019, 41, 37, 0, '2015-11-29 08:23:02', '2015-11-29 08:23:02'),
(1020, 3, 37, 0, '2015-11-29 08:23:02', '2015-11-29 08:23:02'),
(1021, 37, 36, 0, '2015-11-29 08:23:03', '2015-11-29 08:23:03'),
(1022, 20, 36, 0, '2015-11-29 08:23:03', '2015-11-29 08:23:03'),
(1023, 13, 36, 0, '2015-11-29 08:23:03', '2015-11-29 08:23:03'),
(1024, 32, 36, 0, '2015-11-29 08:23:03', '2015-11-29 08:23:03'),
(1025, 50, 36, 0, '2015-11-29 08:23:03', '2015-11-29 08:23:03'),
(1026, 29, 35, 0, '2015-11-29 08:23:03', '2015-11-29 08:23:03'),
(1027, 28, 35, 0, '2015-11-29 08:23:03', '2015-11-29 08:23:03'),
(1028, 32, 35, 0, '2015-11-29 08:23:03', '2015-11-29 08:23:03'),
(1029, 39, 35, 0, '2015-11-29 08:23:03', '2015-11-29 08:23:03'),
(1030, 30, 35, 0, '2015-11-29 08:23:03', '2015-11-29 08:23:03'),
(1031, 21, 42, 1, '2015-11-29 08:23:03', '2015-11-29 08:23:04'),
(1032, 45, 42, 0, '2015-11-29 08:23:03', '2015-11-29 08:23:03'),
(1033, 32, 42, 0, '2015-11-29 08:23:03', '2015-11-29 08:23:03'),
(1034, 3, 42, 0, '2015-11-29 08:23:03', '2015-11-29 08:23:03'),
(1035, 18, 42, 0, '2015-11-29 08:23:03', '2015-11-29 08:23:03'),
(1036, 10, 43, 1, '2015-11-29 08:23:04', '2015-11-29 08:23:04'),
(1037, 27, 43, 0, '2015-11-29 08:23:04', '2015-11-29 08:23:04'),
(1038, 10, 43, 0, '2015-11-29 08:23:04', '2015-11-29 08:23:04'),
(1039, 36, 43, 0, '2015-11-29 08:23:04', '2015-11-29 08:23:04'),
(1040, 22, 43, 0, '2015-11-29 08:23:04', '2015-11-29 08:23:04'),
(1041, 37, 44, 0, '2015-11-29 08:23:04', '2015-11-29 08:23:04'),
(1042, 31, 44, 0, '2015-11-29 08:23:04', '2015-11-29 08:23:04'),
(1043, 1, 44, 0, '2015-11-29 08:23:04', '2015-11-29 08:23:04'),
(1044, 37, 44, 0, '2015-11-29 08:23:04', '2015-11-29 08:23:04'),
(1045, 44, 44, 0, '2015-11-29 08:23:04', '2015-11-29 08:23:04'),
(1046, 6, 51, 0, '2015-11-29 08:23:05', '2015-11-29 08:23:05'),
(1047, 9, 51, 0, '2015-11-29 08:23:05', '2015-11-29 08:23:05'),
(1048, 36, 51, 0, '2015-11-29 08:23:05', '2015-11-29 08:23:05'),
(1049, 50, 51, 0, '2015-11-29 08:23:05', '2015-11-29 08:23:05'),
(1050, 27, 51, 0, '2015-11-29 08:23:05', '2015-11-29 08:23:05'),
(1051, 29, 50, 0, '2015-11-29 08:23:05', '2015-11-29 08:23:05'),
(1052, 2, 50, 0, '2015-11-29 08:23:05', '2015-11-29 08:23:05'),
(1053, 35, 50, 0, '2015-11-29 08:23:05', '2015-11-29 08:23:05'),
(1054, 12, 50, 0, '2015-11-29 08:23:05', '2015-11-29 08:23:05'),
(1055, 43, 50, 0, '2015-11-29 08:23:05', '2015-11-29 08:23:05'),
(1056, 45, 49, 0, '2015-11-29 08:23:05', '2015-11-29 08:23:05'),
(1057, 31, 49, 0, '2015-11-29 08:23:05', '2015-11-29 08:23:05'),
(1058, 20, 49, 0, '2015-11-29 08:23:05', '2015-11-29 08:23:05'),
(1059, 44, 49, 0, '2015-11-29 08:23:05', '2015-11-29 08:23:05'),
(1060, 13, 49, 0, '2015-11-29 08:23:06', '2015-11-29 08:23:06'),
(1061, 26, 47, 1, '2015-11-29 08:23:06', '2015-11-29 08:23:06'),
(1062, 44, 47, 0, '2015-11-29 08:23:06', '2015-11-29 08:23:06'),
(1063, 47, 47, 0, '2015-11-29 08:23:06', '2015-11-29 08:23:06'),
(1064, 21, 47, 0, '2015-11-29 08:23:06', '2015-11-29 08:23:06'),
(1065, 43, 47, 0, '2015-11-29 08:23:06', '2015-11-29 08:23:06'),
(1066, 33, 46, 0, '2015-11-29 08:23:06', '2015-11-29 08:23:06'),
(1067, 28, 46, 0, '2015-11-29 08:23:06', '2015-11-29 08:23:06'),
(1068, 40, 46, 0, '2015-11-29 08:23:06', '2015-11-29 08:23:06'),
(1069, 32, 46, 0, '2015-11-29 08:23:06', '2015-11-29 08:23:06'),
(1070, 36, 46, 0, '2015-11-29 08:23:06', '2015-11-29 08:23:06'),
(1071, 5, 45, 0, '2015-11-29 08:23:06', '2015-11-29 08:23:06'),
(1072, 7, 45, 0, '2015-11-29 08:23:06', '2015-11-29 08:23:06'),
(1073, 12, 45, 0, '2015-11-29 08:23:06', '2015-11-29 08:23:06'),
(1074, 33, 45, 0, '2015-11-29 08:23:06', '2015-11-29 08:23:06'),
(1075, 3, 45, 0, '2015-11-29 08:23:06', '2015-11-29 08:23:06'),
(1076, 38, 48, 1, '2015-11-29 08:23:06', '2015-11-29 08:23:07'),
(1077, 48, 48, 0, '2015-11-29 08:23:06', '2015-11-29 08:23:06'),
(1078, 35, 48, 0, '2015-11-29 08:23:07', '2015-11-29 08:23:07'),
(1079, 40, 48, 0, '2015-11-29 08:23:07', '2015-11-29 08:23:07'),
(1080, 32, 48, 0, '2015-11-29 08:23:07', '2015-11-29 08:23:07'),
(1081, 6, 25, 0, '2015-11-29 08:23:07', '2015-11-29 08:23:07'),
(1082, 50, 25, 0, '2015-11-29 08:23:07', '2015-11-29 08:23:07'),
(1083, 43, 25, 0, '2015-11-29 08:23:07', '2015-11-29 08:23:07'),
(1084, 37, 25, 0, '2015-11-29 08:23:07', '2015-11-29 08:23:07'),
(1085, 23, 25, 0, '2015-11-29 08:23:07', '2015-11-29 08:23:07'),
(1086, 17, 24, 0, '2015-11-29 08:23:07', '2015-11-29 08:23:07'),
(1087, 29, 24, 0, '2015-11-29 08:23:07', '2015-11-29 08:23:07'),
(1088, 9, 24, 0, '2015-11-29 08:23:07', '2015-11-29 08:23:07'),
(1089, 30, 24, 0, '2015-11-29 08:23:07', '2015-11-29 08:23:07'),
(1090, 22, 24, 0, '2015-11-29 08:23:07', '2015-11-29 08:23:07'),
(1091, 14, 23, 1, '2015-11-29 08:23:07', '2015-11-29 08:23:08'),
(1092, 46, 23, 0, '2015-11-29 08:23:07', '2015-11-29 08:23:07'),
(1093, 13, 23, 0, '2015-11-29 08:23:07', '2015-11-29 08:23:07'),
(1094, 41, 23, 0, '2015-11-29 08:23:07', '2015-11-29 08:23:07'),
(1095, 20, 23, 0, '2015-11-29 08:23:07', '2015-11-29 08:23:07'),
(1096, 8, 22, 1, '2015-11-29 08:23:08', '2015-11-29 08:23:08'),
(1097, 50, 22, 0, '2015-11-29 08:23:08', '2015-11-29 08:23:08'),
(1098, 45, 22, 0, '2015-11-29 08:23:08', '2015-11-29 08:23:08'),
(1099, 2, 22, 0, '2015-11-29 08:23:08', '2015-11-29 08:23:08'),
(1100, 40, 22, 0, '2015-11-29 08:23:08', '2015-11-29 08:23:08'),
(1101, 24, 21, 0, '2015-11-29 08:23:08', '2015-11-29 08:23:08'),
(1102, 4, 21, 0, '2015-11-29 08:23:08', '2015-11-29 08:23:08'),
(1103, 27, 21, 0, '2015-11-29 08:23:08', '2015-11-29 08:23:08'),
(1104, 7, 21, 0, '2015-11-29 08:23:08', '2015-11-29 08:23:08'),
(1105, 14, 21, 0, '2015-11-29 08:23:08', '2015-11-29 08:23:08'),
(1106, 34, 20, 0, '2015-11-29 08:23:09', '2015-11-29 08:23:09'),
(1107, 24, 20, 0, '2015-11-29 08:23:09', '2015-11-29 08:23:09'),
(1108, 1, 20, 0, '2015-11-29 08:23:09', '2015-11-29 08:23:09'),
(1109, 13, 20, 0, '2015-11-29 08:23:09', '2015-11-29 08:23:09'),
(1110, 8, 20, 0, '2015-11-29 08:23:09', '2015-11-29 08:23:09'),
(1111, 19, 31, 0, '2015-11-29 08:23:09', '2015-11-29 08:23:09'),
(1112, 41, 31, 0, '2015-11-29 08:23:09', '2015-11-29 08:23:09'),
(1113, 6, 31, 0, '2015-11-29 08:23:09', '2015-11-29 08:23:09'),
(1114, 42, 31, 0, '2015-11-29 08:23:09', '2015-11-29 08:23:09'),
(1115, 43, 31, 0, '2015-11-29 08:23:09', '2015-11-29 08:23:09'),
(1116, 23, 26, 0, '2015-11-29 08:23:09', '2015-11-29 08:23:09'),
(1117, 10, 26, 0, '2015-11-29 08:23:09', '2015-11-29 08:23:09'),
(1118, 50, 26, 0, '2015-11-29 08:23:09', '2015-11-29 08:23:09'),
(1119, 48, 26, 0, '2015-11-29 08:23:09', '2015-11-29 08:23:09'),
(1120, 13, 26, 0, '2015-11-29 08:23:09', '2015-11-29 08:23:09'),
(1121, 25, 27, 1, '2015-11-29 08:23:09', '2015-11-29 08:23:10'),
(1122, 27, 27, 0, '2015-11-29 08:23:09', '2015-11-29 08:23:09'),
(1123, 12, 27, 0, '2015-11-29 08:23:09', '2015-11-29 08:23:09'),
(1124, 35, 27, 0, '2015-11-29 08:23:09', '2015-11-29 08:23:09'),
(1125, 27, 27, 0, '2015-11-29 08:23:10', '2015-11-29 08:23:10'),
(1126, 1, 34, 0, '2015-11-29 08:23:10', '2015-11-29 08:23:10'),
(1127, 42, 34, 0, '2015-11-29 08:23:10', '2015-11-29 08:23:10'),
(1128, 41, 34, 0, '2015-11-29 08:23:10', '2015-11-29 08:23:10'),
(1129, 47, 34, 0, '2015-11-29 08:23:10', '2015-11-29 08:23:10'),
(1130, 16, 34, 0, '2015-11-29 08:23:10', '2015-11-29 08:23:10'),
(1131, 45, 33, 1, '2015-11-29 08:23:10', '2015-11-29 08:23:10'),
(1132, 35, 33, 0, '2015-11-29 08:23:10', '2015-11-29 08:23:10'),
(1133, 9, 33, 0, '2015-11-29 08:23:10', '2015-11-29 08:23:10'),
(1134, 47, 33, 0, '2015-11-29 08:23:10', '2015-11-29 08:23:10'),
(1135, 38, 33, 0, '2015-11-29 08:23:10', '2015-11-29 08:23:10'),
(1136, 4, 32, 1, '2015-11-29 08:23:10', '2015-11-29 08:23:11'),
(1137, 10, 32, 0, '2015-11-29 08:23:10', '2015-11-29 08:23:10'),
(1138, 49, 32, 0, '2015-11-29 08:23:10', '2015-11-29 08:23:10'),
(1139, 49, 32, 0, '2015-11-29 08:23:10', '2015-11-29 08:23:10'),
(1140, 8, 32, 0, '2015-11-29 08:23:10', '2015-11-29 08:23:10'),
(1141, 28, 30, 0, '2015-11-29 08:23:11', '2015-11-29 08:23:11'),
(1142, 45, 30, 0, '2015-11-29 08:23:11', '2015-11-29 08:23:11'),
(1143, 20, 30, 0, '2015-11-29 08:23:11', '2015-11-29 08:23:11'),
(1144, 28, 30, 0, '2015-11-29 08:23:11', '2015-11-29 08:23:11'),
(1145, 17, 30, 0, '2015-11-29 08:23:11', '2015-11-29 08:23:11'),
(1146, 24, 29, 0, '2015-11-29 08:23:11', '2015-11-29 08:23:11'),
(1147, 36, 29, 0, '2015-11-29 08:23:11', '2015-11-29 08:23:11'),
(1148, 17, 29, 0, '2015-11-29 08:23:11', '2015-11-29 08:23:11'),
(1149, 13, 29, 0, '2015-11-29 08:23:11', '2015-11-29 08:23:11'),
(1150, 49, 29, 0, '2015-11-29 08:23:11', '2015-11-29 08:23:11'),
(1151, 35, 28, 1, '2015-11-29 08:23:11', '2015-11-29 08:23:11'),
(1152, 39, 28, 0, '2015-11-29 08:23:11', '2015-11-29 08:23:11'),
(1153, 50, 28, 0, '2015-11-29 08:23:11', '2015-11-29 08:23:11'),
(1154, 1, 28, 0, '2015-11-29 08:23:11', '2015-11-29 08:23:11'),
(1155, 42, 28, 0, '2015-11-29 08:23:11', '2015-11-29 08:23:11'),
(1156, 46, 10, 0, '2015-11-29 08:23:12', '2015-11-29 08:23:12'),
(1157, 9, 10, 0, '2015-11-29 08:23:12', '2015-11-29 08:23:12'),
(1158, 46, 10, 0, '2015-11-29 08:23:12', '2015-11-29 08:23:12'),
(1159, 44, 10, 0, '2015-11-29 08:23:12', '2015-11-29 08:23:12'),
(1160, 38, 10, 0, '2015-11-29 08:23:12', '2015-11-29 08:23:12'),
(1161, 25, 9, 0, '2015-11-29 08:23:12', '2015-11-29 08:23:12'),
(1162, 18, 9, 0, '2015-11-29 08:23:12', '2015-11-29 08:23:12'),
(1163, 12, 9, 0, '2015-11-29 08:23:12', '2015-11-29 08:23:12'),
(1164, 27, 9, 0, '2015-11-29 08:23:12', '2015-11-29 08:23:12'),
(1165, 34, 9, 0, '2015-11-29 08:23:12', '2015-11-29 08:23:12'),
(1166, 14, 8, 1, '2015-11-29 08:23:12', '2015-11-29 08:23:12'),
(1167, 21, 8, 0, '2015-11-29 08:23:12', '2015-11-29 08:23:12'),
(1168, 47, 8, 0, '2015-11-29 08:23:12', '2015-11-29 08:23:12'),
(1169, 2, 8, 0, '2015-11-29 08:23:12', '2015-11-29 08:23:12'),
(1170, 32, 8, 0, '2015-11-29 08:23:12', '2015-11-29 08:23:12'),
(1171, 32, 7, 1, '2015-11-29 08:23:12', '2015-11-29 08:23:13'),
(1172, 36, 7, 0, '2015-11-29 08:23:12', '2015-11-29 08:23:12'),
(1173, 39, 7, 0, '2015-11-29 08:23:12', '2015-11-29 08:23:12'),
(1174, 44, 7, 0, '2015-11-29 08:23:12', '2015-11-29 08:23:12'),
(1175, 33, 7, 0, '2015-11-29 08:23:13', '2015-11-29 08:23:13'),
(1176, 8, 6, 0, '2015-11-29 08:23:13', '2015-11-29 08:23:13'),
(1177, 5, 6, 0, '2015-11-29 08:23:13', '2015-11-29 08:23:13'),
(1178, 25, 6, 0, '2015-11-29 08:23:13', '2015-11-29 08:23:13'),
(1179, 26, 6, 0, '2015-11-29 08:23:13', '2015-11-29 08:23:13'),
(1180, 34, 6, 0, '2015-11-29 08:23:13', '2015-11-29 08:23:13'),
(1181, 29, 5, 0, '2015-11-29 08:23:13', '2015-11-29 08:23:13'),
(1182, 8, 5, 0, '2015-11-29 08:23:13', '2015-11-29 08:23:13'),
(1183, 19, 5, 0, '2015-11-29 08:23:13', '2015-11-29 08:23:13'),
(1184, 50, 5, 0, '2015-11-29 08:23:13', '2015-11-29 08:23:13'),
(1185, 14, 5, 0, '2015-11-29 08:23:13', '2015-11-29 08:23:13'),
(1186, 34, 4, 0, '2015-11-29 08:23:13', '2015-11-29 08:23:13'),
(1187, 28, 4, 0, '2015-11-29 08:23:13', '2015-11-29 08:23:13'),
(1188, 41, 4, 0, '2015-11-29 08:23:13', '2015-11-29 08:23:13'),
(1189, 35, 4, 0, '2015-11-29 08:23:13', '2015-11-29 08:23:13'),
(1190, 24, 4, 0, '2015-11-29 08:23:13', '2015-11-29 08:23:13'),
(1191, 27, 11, 0, '2015-11-29 08:23:13', '2015-11-29 08:23:13'),
(1192, 47, 11, 0, '2015-11-29 08:23:14', '2015-11-29 08:23:14'),
(1193, 46, 11, 0, '2015-11-29 08:23:14', '2015-11-29 08:23:14'),
(1194, 30, 11, 0, '2015-11-29 08:23:14', '2015-11-29 08:23:14'),
(1195, 21, 11, 0, '2015-11-29 08:23:14', '2015-11-29 08:23:14'),
(1196, 50, 12, 1, '2015-11-29 08:23:14', '2015-11-29 08:23:14'),
(1197, 1, 12, 0, '2015-11-29 08:23:14', '2015-11-29 08:23:14'),
(1198, 44, 12, 0, '2015-11-29 08:23:14', '2015-11-29 08:23:14'),
(1199, 16, 12, 0, '2015-11-29 08:23:14', '2015-11-29 08:23:14'),
(1200, 7, 12, 0, '2015-11-29 08:23:14', '2015-11-29 08:23:14'),
(1201, 41, 19, 0, '2015-11-29 08:23:14', '2015-11-29 08:23:14'),
(1202, 4, 19, 0, '2015-11-29 08:23:14', '2015-11-29 08:23:14'),
(1203, 12, 19, 0, '2015-11-29 08:23:15', '2015-11-29 08:23:15'),
(1204, 9, 19, 0, '2015-11-29 08:23:15', '2015-11-29 08:23:15'),
(1205, 33, 19, 0, '2015-11-29 08:23:15', '2015-11-29 08:23:15'),
(1206, 28, 18, 1, '2015-11-29 08:23:15', '2015-11-29 08:23:15'),
(1207, 38, 18, 0, '2015-11-29 08:23:15', '2015-11-29 08:23:15'),
(1208, 4, 18, 0, '2015-11-29 08:23:15', '2015-11-29 08:23:15'),
(1209, 35, 18, 0, '2015-11-29 08:23:15', '2015-11-29 08:23:15'),
(1210, 35, 18, 0, '2015-11-29 08:23:15', '2015-11-29 08:23:15'),
(1211, 7, 17, 1, '2015-11-29 08:23:15', '2015-11-29 08:23:15'),
(1212, 1, 17, 0, '2015-11-29 08:23:15', '2015-11-29 08:23:15'),
(1213, 3, 17, 0, '2015-11-29 08:23:15', '2015-11-29 08:23:15'),
(1214, 40, 17, 0, '2015-11-29 08:23:15', '2015-11-29 08:23:15'),
(1215, 24, 17, 0, '2015-11-29 08:23:15', '2015-11-29 08:23:15'),
(1216, 11, 15, 0, '2015-11-29 08:23:15', '2015-11-29 08:23:15'),
(1217, 23, 15, 0, '2015-11-29 08:23:15', '2015-11-29 08:23:15'),
(1218, 14, 15, 0, '2015-11-29 08:23:15', '2015-11-29 08:23:15'),
(1219, 29, 15, 0, '2015-11-29 08:23:15', '2015-11-29 08:23:15'),
(1220, 13, 15, 0, '2015-11-29 08:23:16', '2015-11-29 08:23:16'),
(1221, 21, 14, 0, '2015-11-29 08:23:16', '2015-11-29 08:23:16'),
(1222, 32, 14, 0, '2015-11-29 08:23:16', '2015-11-29 08:23:16'),
(1223, 19, 14, 0, '2015-11-29 08:23:16', '2015-11-29 08:23:16'),
(1224, 8, 14, 0, '2015-11-29 08:23:16', '2015-11-29 08:23:16'),
(1225, 38, 14, 0, '2015-11-29 08:23:16', '2015-11-29 08:23:16'),
(1226, 41, 13, 1, '2015-11-29 08:23:16', '2015-11-29 08:23:16'),
(1227, 41, 13, 0, '2015-11-29 08:23:16', '2015-11-29 08:23:16'),
(1228, 2, 13, 0, '2015-11-29 08:23:16', '2015-11-29 08:23:16'),
(1229, 24, 13, 0, '2015-11-29 08:23:16', '2015-11-29 08:23:16'),
(1230, 7, 13, 0, '2015-11-29 08:23:16', '2015-11-29 08:23:16'),
(1231, 36, 16, 0, '2015-11-29 08:23:16', '2015-11-29 08:23:16'),
(1232, 10, 16, 0, '2015-11-29 08:23:16', '2015-11-29 08:23:16'),
(1233, 44, 16, 0, '2015-11-29 08:23:16', '2015-11-29 08:23:16'),
(1234, 8, 16, 0, '2015-11-29 08:23:16', '2015-11-29 08:23:16'),
(1235, 43, 16, 0, '2015-11-29 08:23:16', '2015-11-29 08:23:16'),
(1236, 14, 1, 0, '2015-11-29 08:23:16', '2015-11-29 08:23:16'),
(1237, 35, 1, 0, '2015-11-29 08:23:16', '2015-11-29 08:23:16'),
(1238, 14, 1, 0, '2015-11-29 08:23:17', '2015-11-29 08:23:17'),
(1239, 31, 1, 0, '2015-11-29 08:23:17', '2015-11-29 08:23:17'),
(1240, 32, 1, 0, '2015-11-29 08:23:17', '2015-11-29 08:23:17'),
(1241, 10, 3, 1, '2015-11-29 08:23:17', '2015-11-29 08:23:17'),
(1242, 9, 3, 0, '2015-11-29 08:23:17', '2015-11-29 08:23:17'),
(1243, 50, 3, 0, '2015-11-29 08:23:17', '2015-11-29 08:23:17'),
(1244, 36, 3, 0, '2015-11-29 08:23:17', '2015-11-29 08:23:17'),
(1245, 15, 3, 0, '2015-11-29 08:23:17', '2015-11-29 08:23:17'),
(1246, 49, 2, 1, '2015-11-29 08:23:17', '2015-11-29 08:23:17'),
(1247, 40, 2, 0, '2015-11-29 08:23:17', '2015-11-29 08:23:17'),
(1248, 3, 2, 0, '2015-11-29 08:23:17', '2015-11-29 08:23:17'),
(1249, 44, 2, 0, '2015-11-29 08:23:17', '2015-11-29 08:23:17'),
(1250, 2, 2, 0, '2015-11-29 08:23:17', '2015-11-29 08:23:17'),
(1253, 2, 252, 1, '2015-11-29 23:16:31', '2015-11-29 23:21:23'),
(1255, 2, 253, 1, '2015-11-29 23:45:58', '2015-11-29 23:46:48'),
(1256, 2, 254, 1, '2015-11-30 00:14:00', '2015-11-30 00:14:21'),
(1258, 52, 255, 1, '2015-12-10 00:35:23', '2015-12-10 00:38:16');

-- --------------------------------------------------------

--
-- Estructura de tabla para la tabla `pictures`
--

CREATE TABLE IF NOT EXISTS `pictures` (
  `id` int(11) NOT NULL AUTO_INCREMENT,
  `imageable_id` int(11) DEFAULT NULL,
  `imageable_type` varchar(255) COLLATE utf8_unicode_ci DEFAULT NULL,
  `route` text COLLATE utf8_unicode_ci,
  `name` varchar(255) COLLATE utf8_unicode_ci DEFAULT NULL,
  `created_at` datetime DEFAULT NULL,
  `updated_at` datetime DEFAULT NULL,
  PRIMARY KEY (`id`),
  KEY `index_pictures_on_imageable_id_and_imageable_type` (`imageable_id`,`imageable_type`) USING BTREE
) ENGINE=InnoDB DEFAULT CHARSET=utf8 COLLATE=utf8_unicode_ci AUTO_INCREMENT=1 ;

-- --------------------------------------------------------

--
-- Estructura de tabla para la tabla `points_transactions`
--

CREATE TABLE IF NOT EXISTS `points_transactions` (
  `id` int(11) NOT NULL AUTO_INCREMENT,
  `service_arrangement_id` int(11) DEFAULT NULL,
  `sender_id` int(11) DEFAULT NULL,
  `receiver_id` int(11) DEFAULT NULL,
  `amount` int(11) DEFAULT NULL,
  `created_at` datetime DEFAULT NULL,
  `updated_at` datetime DEFAULT NULL,
  PRIMARY KEY (`id`),
  KEY `index_points_transactions_on_receiver_id` (`receiver_id`) USING BTREE,
  KEY `index_points_transactions_on_sender_id` (`sender_id`) USING BTREE,
  KEY `index_points_transactions_on_service_arrangement_id` (`service_arrangement_id`) USING BTREE
) ENGINE=InnoDB  DEFAULT CHARSET=utf8 COLLATE=utf8_unicode_ci AUTO_INCREMENT=57 ;

--
-- Volcado de datos para la tabla `points_transactions`
--

INSERT INTO `points_transactions` (`id`, `service_arrangement_id`, `sender_id`, `receiver_id`, `amount`, `created_at`, `updated_at`) VALUES
(1, 2, 49, 43, 0, '2015-11-29 08:23:28', '2015-11-29 08:23:28'),
(2, 4, 50, 8, 0, '2015-11-29 08:23:28', '2015-11-29 08:23:28'),
(3, 6, 46, 36, 0, '2015-11-29 08:23:28', '2015-11-29 08:23:28'),
(4, 8, 45, 16, 0, '2015-11-29 08:23:28', '2015-11-29 08:23:28'),
(5, 10, 48, 27, 0, '2015-11-29 08:23:28', '2015-11-29 08:23:28'),
(6, 12, 47, 5, 0, '2015-11-29 08:23:28', '2015-11-29 08:23:28'),
(7, 14, 42, 42, 0, '2015-11-29 08:23:28', '2015-11-29 08:23:28'),
(8, 16, 43, 27, 0, '2015-11-29 08:23:28', '2015-11-29 08:23:28'),
(9, 18, 44, 42, 0, '2015-11-29 08:23:28', '2015-11-29 08:23:28'),
(10, 20, 39, 2, 0, '2015-11-29 08:23:29', '2015-11-29 08:23:29'),
(11, 22, 41, 19, 0, '2015-11-29 08:23:29', '2015-11-29 08:23:29'),
(12, 24, 41, 18, 0, '2015-11-29 08:23:29', '2015-11-29 08:23:29'),
(13, 26, 36, 14, 0, '2015-11-29 08:23:29', '2015-11-29 08:23:29'),
(14, 28, 37, 8, 0, '2015-11-29 08:23:29', '2015-11-29 08:23:29'),
(15, 30, 38, 43, 0, '2015-11-29 08:23:29', '2015-11-29 08:23:29'),
(16, 32, 33, 14, 0, '2015-11-29 08:23:29', '2015-11-29 08:23:29'),
(17, 34, 35, 40, 0, '2015-11-29 08:23:29', '2015-11-29 08:23:29'),
(18, 36, 34, 19, 0, '2015-11-29 08:23:29', '2015-11-29 08:23:29'),
(19, 38, 31, 5, 0, '2015-11-29 08:23:29', '2015-11-29 08:23:29'),
(20, 40, 32, 36, 0, '2015-11-29 08:23:29', '2015-11-29 08:23:29'),
(21, 42, 28, 22, 0, '2015-11-29 08:23:29', '2015-11-29 08:23:29'),
(22, 44, 29, 25, 0, '2015-11-29 08:23:29', '2015-11-29 08:23:29'),
(23, 46, 30, 45, 0, '2015-11-29 08:23:29', '2015-11-29 08:23:29'),
(24, 48, 26, 15, 0, '2015-11-29 08:23:29', '2015-11-29 08:23:29'),
(25, 50, 27, 41, 0, '2015-11-29 08:23:30', '2015-11-29 08:23:30'),
(26, 52, 24, 43, 0, '2015-11-29 08:23:30', '2015-11-29 08:23:30'),
(27, 54, 25, 50, 0, '2015-11-29 08:23:30', '2015-11-29 08:23:30'),
(28, 56, 21, 31, 0, '2015-11-29 08:23:30', '2015-11-29 08:23:30'),
(29, 58, 22, 16, 0, '2015-11-29 08:23:30', '2015-11-29 08:23:30'),
(30, 60, 23, 4, 0, '2015-11-29 08:23:30', '2015-11-29 08:23:30'),
(31, 62, 18, 16, 0, '2015-11-29 08:23:30', '2015-11-29 08:23:30'),
(32, 64, 19, 14, 0, '2015-11-29 08:23:30', '2015-11-29 08:23:30'),
(33, 66, 20, 20, 0, '2015-11-29 08:23:30', '2015-11-29 08:23:30'),
(34, 68, 15, 49, 0, '2015-11-29 08:23:30', '2015-11-29 08:23:30'),
(35, 70, 16, 49, 0, '2015-11-29 08:23:30', '2015-11-29 08:23:30'),
(36, 72, 17, 4, 0, '2015-11-29 08:23:30', '2015-11-29 08:23:30'),
(37, 74, 12, 22, 0, '2015-11-29 08:23:30', '2015-11-29 08:23:30'),
(38, 76, 11, 1, 0, '2015-11-29 08:23:30', '2015-11-29 08:23:30'),
(39, 78, 14, 40, 0, '2015-11-29 08:23:30', '2015-11-29 08:23:30'),
(40, 80, 13, 39, 0, '2015-11-29 08:23:30', '2015-11-29 08:23:30'),
(41, 82, 8, 28, 0, '2015-11-29 08:23:31', '2015-11-29 08:23:31'),
(42, 84, 9, 10, 0, '2015-11-29 08:23:31', '2015-11-29 08:23:31'),
(43, 86, 10, 38, 0, '2015-11-29 08:23:31', '2015-11-29 08:23:31'),
(44, 88, 5, 8, 0, '2015-11-29 08:23:31', '2015-11-29 08:23:31'),
(45, 90, 7, 45, 0, '2015-11-29 08:23:31', '2015-11-29 08:23:31'),
(46, 92, 6, 35, 0, '2015-11-29 08:23:31', '2015-11-29 08:23:31'),
(47, 94, 2, 32, 0, '2015-11-29 08:23:31', '2015-11-29 08:23:31'),
(48, 96, 4, 28, 0, '2015-11-29 08:23:31', '2015-11-29 08:23:31'),
(49, 98, 3, 41, 0, '2015-11-29 08:23:31', '2015-11-29 08:23:31'),
(50, 100, 1, 49, 0, '2015-11-29 08:23:31', '2015-11-29 08:23:31'),
(51, 102, 1, 2, 20, '2015-11-29 23:27:44', '2015-11-29 23:27:44'),
(52, 106, 1, 52, 20, '2015-12-10 00:45:04', '2015-12-10 00:45:04'),
(53, 106, 1, 52, 20, '2015-12-10 00:45:56', '2015-12-10 00:45:56'),
(54, 106, 1, 52, 20, '2015-12-10 00:49:03', '2015-12-10 00:49:03'),
(55, 104, 1, 2, 20, '2015-12-10 01:26:19', '2015-12-10 01:26:19'),
(56, 104, 1, 2, 20, '2015-12-10 01:27:21', '2015-12-10 01:27:21');

-- --------------------------------------------------------

--
-- Estructura de tabla para la tabla `profiles`
--

CREATE TABLE IF NOT EXISTS `profiles` (
  `id` int(11) NOT NULL AUTO_INCREMENT,
  `description` text COLLATE utf8_unicode_ci,
  `user_id` int(11) DEFAULT NULL,
  `created_at` datetime DEFAULT NULL,
  `updated_at` datetime DEFAULT NULL,
  `picture` varchar(255) COLLATE utf8_unicode_ci DEFAULT NULL,
  PRIMARY KEY (`id`),
  KEY `index_profiles_on_user_id` (`user_id`) USING BTREE
) ENGINE=InnoDB  DEFAULT CHARSET=utf8 COLLATE=utf8_unicode_ci AUTO_INCREMENT=53 ;

--
-- Volcado de datos para la tabla `profiles`
--

INSERT INTO `profiles` (`id`, `description`, `user_id`, `created_at`, `updated_at`, `picture`) VALUES
(1, 'Id consequatur ea voluptas laudantium totam error quo voluptatem quia ipsam reprehenderit sit consequatur natus enim quibusdam labore.', 1, '2015-11-29 08:21:27', '2015-11-29 08:23:34', NULL),
(2, 'Delectus aut est nostrum qui ab voluptas dicta aut dolor repellat sit saepe nulla quam est autem modi ducimus maiores.', 2, '2015-11-29 08:21:27', '2015-11-29 23:05:39', 'wrong.png'),
(3, 'Delectus doloribus cupiditate ut unde eos nihil qui eum ipsum illo tempora assumenda voluptatem cum at.', 3, '2015-11-29 08:21:28', '2015-11-29 08:23:34', NULL),
(4, 'Pariatur quia impedit autem vitae vel recusandae aut ea quod velit tempore et assumenda rem animi omnis.', 4, '2015-11-29 08:21:29', '2015-11-29 08:23:34', NULL),
(5, 'Ut quas quam necessitatibus vero ducimus voluptas molestiae architecto non repellendus omnis dolor rerum et libero nisi repudiandae quasi atque.', 5, '2015-11-29 08:21:29', '2015-11-29 08:23:34', NULL),
(6, 'Eaque maiores dolore totam nisi quo est atque eos maxime et omnis perspiciatis alias non iusto enim provident.', 6, '2015-11-29 08:21:29', '2015-11-29 08:23:34', NULL),
(7, 'Saepe quaerat mollitia consequatur ex ea eaque ea nesciunt nostrum harum sed nobis quo eveniet quidem ipsum.', 7, '2015-11-29 08:21:29', '2015-11-29 08:23:34', NULL),
(8, 'Est commodi est dolore cupiditate adipisci iure officia et esse repellat delectus in laborum et velit.', 8, '2015-11-29 08:21:29', '2015-11-29 08:23:35', NULL),
(9, 'Libero aliquid nobis minus et omnis sed voluptas consequatur quia architecto quas excepturi modi illo magni placeat.', 9, '2015-11-29 08:21:29', '2015-11-29 08:23:35', NULL),
(10, 'Amet est quo ea sed voluptatum qui reprehenderit est illo voluptatem aut eum et deleniti ullam.', 10, '2015-11-29 08:21:30', '2015-11-29 08:23:35', NULL),
(11, 'Temporibus id reprehenderit repudiandae aut tempora itaque dolorum nisi velit perspiciatis ducimus ipsam possimus est fugiat rem et ut.', 11, '2015-11-29 08:21:30', '2015-11-29 08:23:35', NULL),
(12, 'Non et quos officiis debitis molestiae eos deserunt dolorem modi et dolore voluptates laborum cumque et.', 12, '2015-11-29 08:21:30', '2015-11-29 08:23:35', NULL),
(13, 'Fugit nulla nemo aut recusandae et neque expedita voluptate molestias voluptates impedit ut vel tenetur amet.', 13, '2015-11-29 08:21:30', '2015-11-29 08:23:35', NULL),
(14, 'Aut voluptas eveniet dolore praesentium consequuntur deserunt quisquam similique sunt et aut et nostrum fugiat corporis aut repudiandae enim.', 14, '2015-11-29 08:21:30', '2015-11-29 08:23:35', NULL),
(15, 'Animi qui laborum aut dolore et possimus quis nihil quis praesentium aut facere ea incidunt blanditiis sit id similique mollitia.', 15, '2015-11-29 08:21:31', '2015-11-29 08:23:35', NULL),
(16, 'Doloremque ipsam excepturi fuga quas laboriosam libero consequatur exercitationem id et nam qui deserunt delectus recusandae architecto dolores.', 16, '2015-11-29 08:21:31', '2015-11-29 08:23:35', NULL),
(17, 'Illo voluptas libero quia sed quo ullam suscipit sapiente voluptatem sunt molestias nulla earum autem et.', 17, '2015-11-29 08:21:31', '2015-11-29 08:23:35', NULL),
(18, 'Veritatis non et qui dolor alias soluta vero voluptatum aut odit veniam voluptas eos officiis aut id qui et.', 18, '2015-11-29 08:21:32', '2015-11-29 08:23:35', NULL),
(19, 'Dolores et rem doloribus iste tenetur molestiae ut sunt minima ut quaerat alias asperiores voluptates itaque nisi tempore.', 19, '2015-11-29 08:21:32', '2015-11-29 08:23:35', NULL),
(20, 'Nihil rem blanditiis ea beatae nostrum et aliquam cum iste magni at accusantium dicta aspernatur perspiciatis sapiente unde molestiae.', 20, '2015-11-29 08:21:33', '2015-11-29 08:23:35', NULL),
(21, 'Fugiat illo soluta aut minus accusantium aut dolorem aut ut unde architecto totam quis est velit illum ipsa similique.', 21, '2015-11-29 08:21:33', '2015-11-29 08:23:35', NULL),
(22, 'Aut sed eos in et porro cupiditate pariatur ullam dolor molestias voluptas ea enim placeat iure repellat.', 22, '2015-11-29 08:21:34', '2015-11-29 08:23:35', NULL),
(23, 'Animi distinctio velit sit minima dolor repellendus quis ut delectus illo nemo enim laboriosam cum quod ut quasi mollitia quisquam.', 23, '2015-11-29 08:21:34', '2015-11-29 08:23:36', NULL),
(24, 'Ea voluptas ut provident laboriosam quo eligendi occaecati rerum voluptatem repellendus beatae sit cumque quisquam distinctio tempora.', 24, '2015-11-29 08:21:34', '2015-11-29 08:23:36', NULL),
(25, 'Hic sunt ipsum optio consequatur dolorem in nobis porro nemo libero voluptatum ut laudantium veniam fugiat qui sint et dolor.', 25, '2015-11-29 08:21:34', '2015-11-29 08:23:36', NULL),
(26, 'Earum quis quo distinctio at debitis et facilis quos consequatur tempora et nisi minima assumenda aut voluptates ipsam ipsa et.', 26, '2015-11-29 08:21:34', '2015-11-29 08:23:36', NULL),
(27, 'Natus asperiores qui vel commodi quas ad assumenda et enim possimus aut eum reiciendis odit voluptatem aliquam.', 27, '2015-11-29 08:21:34', '2015-11-29 08:23:36', NULL),
(28, 'Omnis quas expedita quibusdam neque consequuntur ea enim voluptatem perspiciatis iure possimus magni placeat molestiae laboriosam et.', 28, '2015-11-29 08:21:35', '2015-11-29 08:23:36', NULL),
(29, 'Hic nisi enim harum at delectus temporibus molestiae aut sapiente iusto autem rerum quisquam et iste enim reiciendis iure.', 29, '2015-11-29 08:21:35', '2015-11-29 08:23:36', NULL),
(30, 'Est consequatur debitis quia dolores nesciunt vero qui inventore hic nam voluptates animi ut in.', 30, '2015-11-29 08:21:35', '2015-11-29 08:23:36', NULL),
(31, 'Et maxime voluptatem sit ullam laudantium sed est ea expedita praesentium corrupti nihil nam qui et.', 31, '2015-11-29 08:21:35', '2015-11-29 08:23:37', NULL),
(32, 'Culpa necessitatibus id beatae consectetur eaque quo natus illo saepe ipsum velit nobis non molestiae.', 32, '2015-11-29 08:21:35', '2015-11-29 08:23:37', NULL),
(33, 'Ipsam quibusdam exercitationem deserunt atque ut ipsa ducimus quo assumenda voluptas veniam est alias repellat suscipit.', 33, '2015-11-29 08:21:36', '2015-11-29 08:23:37', NULL),
(34, 'Sit non et praesentium eum rerum laudantium quia et culpa commodi at provident ut ab asperiores eos.', 34, '2015-11-29 08:21:36', '2015-11-29 08:23:37', NULL),
(35, 'Harum architecto quasi fuga nihil ut laudantium aliquam ipsa nisi dolores labore iusto et est.', 35, '2015-11-29 08:21:36', '2015-11-29 08:23:37', NULL),
(36, 'Quaerat sint voluptas consequatur amet consectetur rem ut facilis sed perferendis fugit ut incidunt rerum dolore velit at.', 36, '2015-11-29 08:21:36', '2015-11-29 08:23:37', NULL),
(37, 'Autem fugit officiis nisi illum nihil id et vitae repellat eos est voluptas molestiae minima.', 37, '2015-11-29 08:21:36', '2015-11-29 08:23:37', NULL),
(38, 'Voluptatem eos quis occaecati reiciendis deleniti dolores consequatur et nisi aliquid fugit quisquam enim nobis recusandae rerum similique explicabo.', 38, '2015-11-29 08:21:36', '2015-11-29 08:23:37', NULL),
(39, 'Fugit qui quo sapiente quis et eos voluptas eum recusandae earum perferendis accusamus est rem libero.', 39, '2015-11-29 08:21:37', '2015-11-29 08:23:37', NULL),
(40, 'Corporis fuga nobis enim temporibus eligendi beatae voluptatem fugit at aliquid quaerat optio ducimus qui sed animi veniam enim.', 40, '2015-11-29 08:21:37', '2015-11-29 08:23:37', NULL),
(41, 'Nisi reprehenderit ut repellendus quis blanditiis consequatur asperiores praesentium quia quis libero et perferendis ducimus.', 41, '2015-11-29 08:21:37', '2015-11-29 08:23:37', NULL),
(42, 'Vero magni est exercitationem odit qui nihil eum eligendi dignissimos nulla non mollitia quia numquam.', 42, '2015-11-29 08:21:37', '2015-11-29 08:23:37', NULL),
(43, 'Voluptas et voluptatem nam veritatis voluptatem minima excepturi perspiciatis recusandae nulla quis eum exercitationem reiciendis dolorum.', 43, '2015-11-29 08:21:37', '2015-11-29 08:23:37', NULL),
(44, 'Ex atque et aspernatur qui quis velit beatae illum sunt sed sapiente accusamus animi est qui et sit esse corporis.', 44, '2015-11-29 08:21:38', '2015-11-29 08:23:37', NULL),
(45, 'Tempore et rerum culpa impedit qui ad labore fugiat non ut sed iure quam et et voluptatem ea consequatur.', 45, '2015-11-29 08:21:38', '2015-11-29 08:23:37', NULL),
(46, 'Nobis voluptate ut minima corporis eius quis recusandae amet blanditiis consequatur nisi nihil velit nam vero consequatur voluptatem.', 46, '2015-11-29 08:21:38', '2015-11-29 08:23:37', NULL),
(47, 'Cum quos molestiae ex numquam unde quis odit voluptas illum iusto consequuntur itaque aliquam magni qui suscipit odio autem officiis.', 47, '2015-11-29 08:21:38', '2015-11-29 08:23:37', NULL),
(48, 'Eaque ab odio dicta reprehenderit assumenda tempora beatae sequi autem eum quibusdam soluta rerum qui commodi.', 48, '2015-11-29 08:21:38', '2015-11-29 08:23:38', NULL),
(49, 'Ut mollitia quisquam est optio vel rerum repellendus consequuntur suscipit enim eligendi doloremque vitae earum odio rerum minus.', 49, '2015-11-29 08:21:39', '2015-11-29 08:23:38', NULL),
(50, 'Sed nobis fuga consequuntur consectetur quasi similique error facere dolorem ut quia aut temporibus eos cupiditate quis recusandae porro.', 50, '2015-11-29 08:21:39', '2015-11-29 08:23:38', NULL),
(51, NULL, 51, '2015-12-09 08:20:38', '2015-12-09 08:20:38', NULL),
(52, NULL, 52, '2015-12-10 00:23:02', '2015-12-10 00:23:02', NULL);

-- --------------------------------------------------------

--
-- Estructura de tabla para la tabla `profiles_tags`
--

CREATE TABLE IF NOT EXISTS `profiles_tags` (
  `tag_id` int(11) DEFAULT NULL,
  `profile_id` int(11) DEFAULT NULL,
  KEY `index_profiles_tags_on_profile_id` (`profile_id`) USING BTREE,
  KEY `index_profiles_tags_on_tag_id` (`tag_id`) USING BTREE
) ENGINE=InnoDB DEFAULT CHARSET=utf8 COLLATE=utf8_unicode_ci;

--
-- Volcado de datos para la tabla `profiles_tags`
--

INSERT INTO `profiles_tags` (`tag_id`, `profile_id`) VALUES
(6, 1),
(4, 2),
(3, 3),
(6, 4),
(3, 5),
(3, 6),
(5, 7),
(3, 8),
(3, 9),
(3, 10),
(5, 11),
(4, 12),
(3, 13),
(6, 14),
(2, 15),
(4, 16),
(1, 17),
(1, 18),
(2, 19),
(4, 20),
(3, 21),
(5, 22),
(3, 23),
(4, 24),
(1, 25),
(5, 26),
(2, 27),
(4, 28),
(4, 29),
(3, 30),
(2, 31),
(1, 32),
(3, 33),
(6, 34),
(4, 35),
(4, 36),
(3, 37),
(1, 38),
(5, 39),
(2, 40),
(4, 41),
(2, 42),
(2, 43),
(5, 44),
(6, 45),
(3, 46),
(1, 47),
(5, 48),
(5, 49),
(4, 50),
(5, 2),
(6, 2);

-- --------------------------------------------------------

--
-- Estructura de tabla para la tabla `relationships`
--

CREATE TABLE IF NOT EXISTS `relationships` (
  `id` int(11) NOT NULL AUTO_INCREMENT,
  `follower_id` int(11) DEFAULT NULL,
  `followed_id` int(11) DEFAULT NULL,
  `created_at` datetime DEFAULT NULL,
  `updated_at` datetime DEFAULT NULL,
  PRIMARY KEY (`id`),
  UNIQUE KEY `index_relationships_on_follower_id_and_followed_id` (`follower_id`,`followed_id`) USING BTREE,
  KEY `index_relationships_on_followed_id` (`followed_id`) USING BTREE,
  KEY `index_relationships_on_follower_id` (`follower_id`) USING BTREE
) ENGINE=InnoDB  DEFAULT CHARSET=utf8 COLLATE=utf8_unicode_ci AUTO_INCREMENT=89 ;

--
-- Volcado de datos para la tabla `relationships`
--

INSERT INTO `relationships` (`id`, `follower_id`, `followed_id`, `created_at`, `updated_at`) VALUES
(1, 1, 3, '2015-11-29 08:24:02', '2015-11-29 08:24:02'),
(2, 1, 4, '2015-11-29 08:24:02', '2015-11-29 08:24:02'),
(3, 1, 5, '2015-11-29 08:24:03', '2015-11-29 08:24:03'),
(4, 1, 6, '2015-11-29 08:24:03', '2015-11-29 08:24:03'),
(5, 1, 7, '2015-11-29 08:24:03', '2015-11-29 08:24:03'),
(6, 1, 8, '2015-11-29 08:24:03', '2015-11-29 08:24:03'),
(7, 1, 9, '2015-11-29 08:24:03', '2015-11-29 08:24:03'),
(8, 1, 10, '2015-11-29 08:24:03', '2015-11-29 08:24:03'),
(9, 1, 11, '2015-11-29 08:24:03', '2015-11-29 08:24:03'),
(10, 1, 12, '2015-11-29 08:24:03', '2015-11-29 08:24:03'),
(11, 1, 13, '2015-11-29 08:24:03', '2015-11-29 08:24:03'),
(12, 1, 14, '2015-11-29 08:24:03', '2015-11-29 08:24:03'),
(13, 1, 15, '2015-11-29 08:24:03', '2015-11-29 08:24:03'),
(14, 1, 16, '2015-11-29 08:24:03', '2015-11-29 08:24:03'),
(15, 1, 17, '2015-11-29 08:24:03', '2015-11-29 08:24:03'),
(16, 1, 18, '2015-11-29 08:24:03', '2015-11-29 08:24:03'),
(17, 1, 19, '2015-11-29 08:24:03', '2015-11-29 08:24:03'),
(18, 1, 20, '2015-11-29 08:24:04', '2015-11-29 08:24:04'),
(19, 1, 21, '2015-11-29 08:24:04', '2015-11-29 08:24:04'),
(20, 1, 22, '2015-11-29 08:24:04', '2015-11-29 08:24:04'),
(21, 1, 23, '2015-11-29 08:24:04', '2015-11-29 08:24:04'),
(22, 1, 24, '2015-11-29 08:24:04', '2015-11-29 08:24:04'),
(23, 1, 25, '2015-11-29 08:24:04', '2015-11-29 08:24:04'),
(24, 1, 26, '2015-11-29 08:24:04', '2015-11-29 08:24:04'),
(25, 1, 27, '2015-11-29 08:24:04', '2015-11-29 08:24:04'),
(26, 1, 28, '2015-11-29 08:24:04', '2015-11-29 08:24:04'),
(27, 1, 29, '2015-11-29 08:24:04', '2015-11-29 08:24:04'),
(28, 1, 30, '2015-11-29 08:24:05', '2015-11-29 08:24:05'),
(29, 1, 31, '2015-11-29 08:24:05', '2015-11-29 08:24:05'),
(30, 1, 32, '2015-11-29 08:24:05', '2015-11-29 08:24:05'),
(31, 1, 33, '2015-11-29 08:24:05', '2015-11-29 08:24:05'),
(32, 1, 34, '2015-11-29 08:24:05', '2015-11-29 08:24:05'),
(33, 1, 35, '2015-11-29 08:24:05', '2015-11-29 08:24:05'),
(34, 1, 36, '2015-11-29 08:24:06', '2015-11-29 08:24:06'),
(35, 1, 37, '2015-11-29 08:24:06', '2015-11-29 08:24:06'),
(36, 1, 38, '2015-11-29 08:24:06', '2015-11-29 08:24:06'),
(37, 1, 39, '2015-11-29 08:24:06', '2015-11-29 08:24:06'),
(38, 1, 40, '2015-11-29 08:24:06', '2015-11-29 08:24:06'),
(39, 1, 41, '2015-11-29 08:24:06', '2015-11-29 08:24:06'),
(40, 1, 42, '2015-11-29 08:24:06', '2015-11-29 08:24:06'),
(41, 1, 43, '2015-11-29 08:24:06', '2015-11-29 08:24:06'),
(42, 1, 44, '2015-11-29 08:24:07', '2015-11-29 08:24:07'),
(43, 1, 45, '2015-11-29 08:24:07', '2015-11-29 08:24:07'),
(44, 1, 46, '2015-11-29 08:24:07', '2015-11-29 08:24:07'),
(45, 1, 47, '2015-11-29 08:24:07', '2015-11-29 08:24:07'),
(46, 1, 48, '2015-11-29 08:24:07', '2015-11-29 08:24:07'),
(47, 1, 49, '2015-11-29 08:24:07', '2015-11-29 08:24:07'),
(48, 1, 50, '2015-11-29 08:24:07', '2015-11-29 08:24:07'),
(49, 4, 1, '2015-11-29 08:24:07', '2015-11-29 08:24:07'),
(50, 5, 1, '2015-11-29 08:24:07', '2015-11-29 08:24:07'),
(51, 6, 1, '2015-11-29 08:24:07', '2015-11-29 08:24:07'),
(52, 7, 1, '2015-11-29 08:24:08', '2015-11-29 08:24:08'),
(53, 8, 1, '2015-11-29 08:24:08', '2015-11-29 08:24:08'),
(54, 9, 1, '2015-11-29 08:24:08', '2015-11-29 08:24:08'),
(55, 10, 1, '2015-11-29 08:24:08', '2015-11-29 08:24:08'),
(56, 11, 1, '2015-11-29 08:24:08', '2015-11-29 08:24:08'),
(57, 12, 1, '2015-11-29 08:24:08', '2015-11-29 08:24:08'),
(58, 13, 1, '2015-11-29 08:24:08', '2015-11-29 08:24:08'),
(59, 14, 1, '2015-11-29 08:24:08', '2015-11-29 08:24:08'),
(60, 15, 1, '2015-11-29 08:24:09', '2015-11-29 08:24:09'),
(61, 16, 1, '2015-11-29 08:24:09', '2015-11-29 08:24:09'),
(62, 17, 1, '2015-11-29 08:24:09', '2015-11-29 08:24:09'),
(63, 18, 1, '2015-11-29 08:24:10', '2015-11-29 08:24:10'),
(64, 19, 1, '2015-11-29 08:24:10', '2015-11-29 08:24:10'),
(65, 20, 1, '2015-11-29 08:24:10', '2015-11-29 08:24:10'),
(66, 21, 1, '2015-11-29 08:24:10', '2015-11-29 08:24:10'),
(67, 22, 1, '2015-11-29 08:24:10', '2015-11-29 08:24:10'),
(68, 23, 1, '2015-11-29 08:24:10', '2015-11-29 08:24:10'),
(69, 24, 1, '2015-11-29 08:24:10', '2015-11-29 08:24:10'),
(70, 25, 1, '2015-11-29 08:24:10', '2015-11-29 08:24:10'),
(71, 26, 1, '2015-11-29 08:24:10', '2015-11-29 08:24:10'),
(72, 27, 1, '2015-11-29 08:24:10', '2015-11-29 08:24:10'),
(73, 28, 1, '2015-11-29 08:24:10', '2015-11-29 08:24:10'),
(74, 29, 1, '2015-11-29 08:24:10', '2015-11-29 08:24:10'),
(75, 30, 1, '2015-11-29 08:24:10', '2015-11-29 08:24:10'),
(76, 31, 1, '2015-11-29 08:24:11', '2015-11-29 08:24:11'),
(77, 32, 1, '2015-11-29 08:24:11', '2015-11-29 08:24:11'),
(78, 33, 1, '2015-11-29 08:24:11', '2015-11-29 08:24:11'),
(79, 34, 1, '2015-11-29 08:24:11', '2015-11-29 08:24:11'),
(80, 35, 1, '2015-11-29 08:24:11', '2015-11-29 08:24:11'),
(81, 36, 1, '2015-11-29 08:24:11', '2015-11-29 08:24:11'),
(82, 37, 1, '2015-11-29 08:24:11', '2015-11-29 08:24:11'),
(83, 38, 1, '2015-11-29 08:24:11', '2015-11-29 08:24:11'),
(84, 39, 1, '2015-11-29 08:24:11', '2015-11-29 08:24:11'),
(85, 40, 1, '2015-11-29 08:24:11', '2015-11-29 08:24:11'),
(86, 41, 1, '2015-11-29 08:24:11', '2015-11-29 08:24:11'),
(88, 1, 2, '2015-12-10 01:25:41', '2015-12-10 01:25:41');

-- --------------------------------------------------------

--
-- Estructura de tabla para la tabla `reviews`
--

CREATE TABLE IF NOT EXISTS `reviews` (
  `id` int(11) NOT NULL AUTO_INCREMENT,
  `user_id` int(11) DEFAULT NULL,
  `service_arrangement_id` int(11) DEFAULT NULL,
  `rating` int(11) DEFAULT NULL,
  `description` text COLLATE utf8_unicode_ci,
  `created_at` datetime DEFAULT NULL,
  `updated_at` datetime DEFAULT NULL,
  PRIMARY KEY (`id`),
  KEY `index_reviews_on_service_arrangement_id` (`service_arrangement_id`) USING BTREE,
  KEY `index_reviews_on_user_id` (`user_id`) USING BTREE
) ENGINE=InnoDB  DEFAULT CHARSET=utf8 COLLATE=utf8_unicode_ci AUTO_INCREMENT=52 ;

--
-- Volcado de datos para la tabla `reviews`
--

INSERT INTO `reviews` (`id`, `user_id`, `service_arrangement_id`, `rating`, `description`, `created_at`, `updated_at`) VALUES
(1, 49, 2, 1, 'Omnis modi quod praesentium sunt non totam dolorum vel qui cum quas.', '2015-11-29 08:23:31', '2015-11-29 08:23:31'),
(2, 50, 4, 5, 'Cum et possimus maxime quis consequatur molestias est ad minus quas aut ipsa fuga.', '2015-11-29 08:23:31', '2015-11-29 08:23:31'),
(3, 46, 6, 3, 'Rerum odio nam perspiciatis corporis error et illum maxime et repellendus dolor esse.', '2015-11-29 08:23:31', '2015-11-29 08:23:31'),
(4, 45, 8, 4, 'Temporibus quia optio voluptas iste reiciendis dolores accusamus natus voluptas odit est dolores culpa.', '2015-11-29 08:23:31', '2015-11-29 08:23:31'),
(5, 48, 10, 5, 'Cupiditate in et assumenda et laborum accusamus culpa quos provident qui.', '2015-11-29 08:23:31', '2015-11-29 08:23:31'),
(6, 47, 12, 4, 'Itaque molestiae nihil tenetur autem eligendi eius aliquam et qui quia architecto fugiat atque.', '2015-11-29 08:23:31', '2015-11-29 08:23:31'),
(7, 42, 14, 5, 'Provident molestias blanditiis tempore asperiores aspernatur labore consectetur facere repellendus laborum beatae et.', '2015-11-29 08:23:32', '2015-11-29 08:23:32'),
(8, 43, 16, 3, 'Et et soluta aut consequuntur iure voluptatem accusantium molestiae beatae atque.', '2015-11-29 08:23:32', '2015-11-29 08:23:32'),
(9, 44, 18, 1, 'Reprehenderit sit ut ad voluptas similique natus voluptatem animi nobis sint.', '2015-11-29 08:23:32', '2015-11-29 08:23:32'),
(10, 39, 20, 1, 'Culpa iure nemo maiores repellat mollitia labore consequatur debitis et sint vel quis magni minus.', '2015-11-29 08:23:32', '2015-11-29 08:23:32'),
(11, 41, 22, 2, 'Ratione id est consectetur libero perferendis nulla vel aut aliquid sed.', '2015-11-29 08:23:32', '2015-11-29 08:23:32'),
(12, 41, 24, 4, 'Quia eos doloribus est et ut ipsum est voluptatibus cum perferendis accusantium aut.', '2015-11-29 08:23:32', '2015-11-29 08:23:32'),
(13, 36, 26, 1, 'Velit amet mollitia ullam quam et officiis ut animi dolorem perferendis facilis sint autem ut.', '2015-11-29 08:23:32', '2015-11-29 08:23:32'),
(14, 37, 28, 4, 'Omnis autem recusandae quam quis enim amet minima quia voluptas.', '2015-11-29 08:23:32', '2015-11-29 08:23:32'),
(15, 38, 30, 4, 'Est ea dolore perferendis iusto ipsam culpa consectetur voluptas omnis cumque veritatis.', '2015-11-29 08:23:32', '2015-11-29 08:23:32'),
(16, 33, 32, 4, 'Veritatis tempore dolor impedit maiores qui debitis modi et eveniet alias tenetur.', '2015-11-29 08:23:32', '2015-11-29 08:23:32'),
(17, 35, 34, 4, 'Dolores aliquid et nesciunt ab fugiat ex nulla reprehenderit delectus modi in at est.', '2015-11-29 08:23:32', '2015-11-29 08:23:32'),
(18, 34, 36, 1, 'Nisi officiis odio excepturi iure ut voluptatum vel repellat repudiandae.', '2015-11-29 08:23:32', '2015-11-29 08:23:32'),
(19, 31, 38, 1, 'Voluptatum qui voluptate optio est omnis pariatur sed dolorum accusamus.', '2015-11-29 08:23:32', '2015-11-29 08:23:32'),
(20, 32, 40, 4, 'Provident ea id dolore nobis sunt magni eaque eum saepe voluptatem sapiente.', '2015-11-29 08:23:32', '2015-11-29 08:23:32'),
(21, 28, 42, 2, 'Iusto est repudiandae ratione perferendis eos veritatis corporis autem nostrum dolores iste minima in.', '2015-11-29 08:23:32', '2015-11-29 08:23:32'),
(22, 29, 44, 5, 'Cum vero sit quam quis placeat consequatur ratione aliquam ut.', '2015-11-29 08:23:32', '2015-11-29 08:23:32'),
(23, 30, 46, 1, 'Libero sunt quia rerum est quia consectetur eos laudantium eligendi quae pariatur nihil rem.', '2015-11-29 08:23:33', '2015-11-29 08:23:33'),
(24, 26, 48, 5, 'Molestias et fuga illum dolorum labore rerum similique sequi est.', '2015-11-29 08:23:33', '2015-11-29 08:23:33'),
(25, 27, 50, 3, 'Nihil autem inventore consectetur sit nesciunt et aliquam soluta dolore sed.', '2015-11-29 08:23:33', '2015-11-29 08:23:33'),
(26, 24, 52, 1, 'Nesciunt unde et eaque aut et suscipit labore excepturi ullam ducimus asperiores qui maiores perferendis.', '2015-11-29 08:23:33', '2015-11-29 08:23:33'),
(27, 25, 54, 1, 'Vel odio impedit cumque facere error velit ut voluptas non quibusdam est ea repellat voluptas.', '2015-11-29 08:23:33', '2015-11-29 08:23:33'),
(28, 21, 56, 5, 'Nesciunt repudiandae voluptas quasi consequatur et iste aut perspiciatis quas qui officiis aliquid iure.', '2015-11-29 08:23:33', '2015-11-29 08:23:33'),
(29, 22, 58, 4, 'Quod illum dolores nisi est necessitatibus temporibus provident enim aut minus saepe rerum.', '2015-11-29 08:23:33', '2015-11-29 08:23:33'),
(30, 23, 60, 4, 'Aut neque at sed sit vero maxime necessitatibus placeat laboriosam error saepe ipsum perspiciatis voluptatem.', '2015-11-29 08:23:33', '2015-11-29 08:23:33'),
(31, 18, 62, 2, 'Voluptatem voluptatum eos animi debitis doloribus nostrum aliquam voluptate et mollitia corrupti pariatur natus veritatis.', '2015-11-29 08:23:33', '2015-11-29 08:23:33'),
(32, 19, 64, 2, 'A facere est neque debitis aut et enim non reiciendis molestiae enim.', '2015-11-29 08:23:33', '2015-11-29 08:23:33'),
(33, 20, 66, 5, 'Nemo non voluptate eum molestiae temporibus aut quaerat voluptatem cupiditate quidem excepturi quasi accusantium.', '2015-11-29 08:23:33', '2015-11-29 08:23:33'),
(34, 15, 68, 2, 'Est similique magnam quasi et deserunt atque quia tempora dolorum.', '2015-11-29 08:23:33', '2015-11-29 08:23:33'),
(35, 16, 70, 3, 'Autem voluptate est voluptatibus at laborum sed rerum est saepe necessitatibus molestiae.', '2015-11-29 08:23:33', '2015-11-29 08:23:33'),
(36, 17, 72, 1, 'Quaerat maxime veniam consectetur sint porro facilis aut vitae commodi repellat rerum labore reprehenderit.', '2015-11-29 08:23:33', '2015-11-29 08:23:33'),
(37, 12, 74, 1, 'Aspernatur vitae nihil ab cumque sapiente ex non sunt enim ea neque.', '2015-11-29 08:23:33', '2015-11-29 08:23:33'),
(38, 11, 76, 2, 'Debitis perferendis cumque et aut vitae quos repellendus soluta praesentium iusto.', '2015-11-29 08:23:33', '2015-11-29 08:23:33'),
(39, 14, 78, 3, 'Dolores quo eligendi sit itaque reprehenderit voluptas voluptatum qui sequi accusantium quia et.', '2015-11-29 08:23:33', '2015-11-29 08:23:33'),
(40, 13, 80, 2, 'Dolore optio explicabo aliquid quibusdam aut sit ea fugit amet quo.', '2015-11-29 08:23:33', '2015-11-29 08:23:33'),
(41, 8, 82, 5, 'Saepe ut et eos facilis minima eum ut ipsum eveniet.', '2015-11-29 08:23:34', '2015-11-29 08:23:34'),
(42, 9, 84, 5, 'Facilis atque vero ut nemo eos est reiciendis ratione ab vitae hic.', '2015-11-29 08:23:34', '2015-11-29 08:23:34'),
(43, 10, 86, 4, 'Quisquam quia sequi sunt tempore cum veritatis est ut minima labore accusantium delectus eius culpa.', '2015-11-29 08:23:34', '2015-11-29 08:23:34'),
(44, 5, 88, 3, 'Impedit eaque reprehenderit occaecati adipisci ipsum dolorem ut rem rerum quis sint.', '2015-11-29 08:23:34', '2015-11-29 08:23:34'),
(45, 7, 90, 3, 'Aliquid harum nostrum et aspernatur blanditiis consectetur cupiditate dolorem itaque non aut.', '2015-11-29 08:23:34', '2015-11-29 08:23:34'),
(46, 6, 92, 5, 'Voluptatum reprehenderit aperiam et distinctio voluptatem ea repudiandae quis aut tempora vero ipsam minima.', '2015-11-29 08:23:34', '2015-11-29 08:23:34'),
(47, 2, 94, 3, 'Dicta iste eos neque aut velit temporibus quas enim iure excepturi.', '2015-11-29 08:23:34', '2015-11-29 08:23:34'),
(48, 4, 96, 5, 'Quos debitis repellendus et eos ullam culpa sint ut maxime est accusantium officia.', '2015-11-29 08:23:34', '2015-11-29 08:23:34'),
(49, 3, 98, 5, 'Non dolorum illo quia id fugiat doloribus odit porro corrupti sed quisquam.', '2015-11-29 08:23:34', '2015-11-29 08:23:34'),
(50, 1, 100, 4, 'Dignissimos aut cupiditate alias et quam et a nobis sunt.', '2015-11-29 08:23:34', '2015-11-29 08:23:34'),
(51, 1, 102, 5, 'Muy buen trabajo YOLOXitl', '2015-11-30 00:56:30', '2015-11-30 00:56:30');

-- --------------------------------------------------------

--
-- Estructura de tabla para la tabla `schema_migrations`
--

CREATE TABLE IF NOT EXISTS `schema_migrations` (
  `version` varchar(255) COLLATE utf8_unicode_ci NOT NULL,
  UNIQUE KEY `unique_schema_migrations` (`version`)
) ENGINE=InnoDB DEFAULT CHARSET=utf8 COLLATE=utf8_unicode_ci;

--
-- Volcado de datos para la tabla `schema_migrations`
--

INSERT INTO `schema_migrations` (`version`) VALUES
('20150126211912'),
('20150126214415'),
('20150205014805'),
('20150205015632'),
('20150205032651'),
('20150205040356'),
('20150205053308'),
('20150205053811'),
('20150205060447'),
('20150205193502'),
('20150205210108'),
('20150205210758'),
('20150205234040'),
('20150208225343'),
('20150208232902'),
('20150209000824'),
('20150209014924'),
('20150224172539'),
('20150305064526'),
('20150413152246'),
('20151125154513');

-- --------------------------------------------------------

--
-- Estructura de tabla para la tabla `services`
--

CREATE TABLE IF NOT EXISTS `services` (
  `id` int(11) NOT NULL AUTO_INCREMENT,
  `title` varchar(255) COLLATE utf8_unicode_ci DEFAULT NULL,
  `description` text COLLATE utf8_unicode_ci,
  `cost` int(11) DEFAULT NULL,
  `service_arrangement_id` int(11) DEFAULT NULL,
  `service_request_id` int(11) DEFAULT NULL,
  `created_at` datetime DEFAULT NULL,
  `updated_at` datetime DEFAULT NULL,
  PRIMARY KEY (`id`),
  KEY `index_services_on_service_arrangement_id` (`service_arrangement_id`) USING BTREE,
  KEY `index_services_on_service_request_id` (`service_request_id`) USING BTREE
) ENGINE=InnoDB  DEFAULT CHARSET=utf8 COLLATE=utf8_unicode_ci AUTO_INCREMENT=262 ;

--
-- Volcado de datos para la tabla `services`
--

INSERT INTO `services` (`id`, `title`, `description`, `cost`, `service_arrangement_id`, `service_request_id`, `created_at`, `updated_at`) VALUES
(1, 'Ut molestiae molestiae quaerat inventore quasi.', 'Consectetur est commodi accusantium debitis aliquam voluptate non omnis autem quasi porro et aspernatur totam quis aut minima iste error autem est amet corporis et harum officiis sapiente alias ducimus esse in sed laudantium culpa perferendis dolor qui laboriosam sunt odit aut veniam doloremque consequatur aperiam reiciendis velit modi voluptas provident vitae facere.', 0, NULL, 1, '2015-11-29 08:21:39', '2015-11-29 08:21:39'),
(2, 'Eveniet necessitatibus id sequi.', 'Repudiandae blanditiis dolor facilis sit deleniti quibusdam est amet dolorum dolor molestiae totam tenetur culpa dolores quia similique recusandae at aperiam ratione incidunt et eum eum et sunt quos laboriosam dolorem delectus exercitationem odit ut velit hic quo ex et maiores accusantium numquam unde excepturi aut sequi dolores qui deserunt.', 0, 100, 2, '2015-11-29 08:21:39', '2015-11-29 08:23:28'),
(3, 'Suscipit.', 'Recusandae inventore quia nostrum sunt quos reprehenderit voluptas blanditiis fuga dicta quasi consequatur aut quo voluptatem nobis exercitationem explicabo delectus sint aut consequuntur molestias quis libero vel ut nulla rem rerum voluptatibus qui enim nisi corporis dolor voluptatem ipsam tempora aut porro maiores distinctio est sed aut reiciendis sit et ea officiis qui.', 0, 99, 3, '2015-11-29 08:21:39', '2015-11-29 08:23:28'),
(4, 'Expedita et aut adipisci.', 'Sunt alias nam repudiandae voluptatum voluptate ut facere omnis inventore et vero in iusto eius quia nihil animi dolorum sed velit atque aut est aperiam consequatur consequatur enim reprehenderit quae accusamus et aut quia iste doloremque sit ea excepturi dolorem beatae necessitatibus illo repellat quis vitae qui qui enim nisi libero est recusandae incidunt et.', 0, NULL, 4, '2015-11-29 08:21:40', '2015-11-29 08:21:40'),
(5, 'Occaecati officiis eum.', 'Dolorum molestiae explicabo possimus molestiae optio perspiciatis est sapiente commodi omnis aut aliquam delectus rerum iste et porro et ipsam rerum error libero voluptatem eveniet blanditiis nesciunt omnis sit est ut alias et nemo ea ut reprehenderit laboriosam provident repudiandae non id suscipit ut animi cumque ab sed minima vitae voluptatibus dignissimos.', 0, NULL, 5, '2015-11-29 08:21:40', '2015-11-29 08:21:40'),
(6, 'Explicabo quibusdam ut ut dolores nisi.', 'Ut est eum rerum quia nobis enim id eaque officiis doloremque minus inventore voluptate tempore qui animi iure itaque dolorem beatae minima a rerum magnam maiores expedita in velit ratione voluptas cumque et debitis dolorem ut et repudiandae placeat dolores nam eos eum illo architecto delectus quidem et velit error repellendus aut unde doloribus dolorum.', 0, NULL, 6, '2015-11-29 08:21:40', '2015-11-29 08:21:40'),
(7, 'Totam aut unde iure.', 'Suscipit debitis vel iste enim dolore ut voluptatibus porro occaecati eaque reiciendis iure optio animi excepturi unde est beatae quos eos nesciunt laudantium minima aut ut aperiam rerum delectus ullam eum magni corrupti magnam veniam architecto atque pariatur corporis ut facere voluptatem labore ad quidem quasi sed illum voluptatum ut totam.', 0, 94, 7, '2015-11-29 08:21:40', '2015-11-29 08:23:27'),
(8, 'Porro.', 'Dolor et pariatur fugiat quidem asperiores error dolorem enim et rerum eos repellat omnis distinctio aut quos iure odio nisi sunt ea non eaque sint explicabo est aut et non illum in consectetur sed deleniti adipisci laborum qui ipsa quo ut est beatae est fugit mollitia aspernatur soluta laboriosam exercitationem sit nobis magnam.', 0, 93, 8, '2015-11-29 08:21:40', '2015-11-29 08:23:27'),
(9, 'Quidem voluptas aut.', 'Saepe et repellat eos quo dolores nobis sed rerum fuga iusto quibusdam aut aut voluptas deserunt harum perferendis maxime iste quia aut quia qui sed consequatur eligendi labore expedita impedit est quo tempora sit reiciendis officia deleniti laborum commodi aperiam pariatur qui praesentium aut et et soluta sit veritatis similique voluptatibus debitis aliquam a.', 0, NULL, 9, '2015-11-29 08:21:40', '2015-11-29 08:21:40'),
(10, 'Impedit voluptatem occaecati ea ducimus.', 'Natus et beatae et cum accusantium quibusdam autem laborum unde corporis optio aliquid quod labore et praesentium eius quam et numquam eligendi velit voluptas voluptas dolorem repellat qui harum doloribus ut est est sit voluptas sapiente ea quia odio possimus ipsa aut et voluptatem accusamus magni provident aut doloremque incidunt temporibus dolorem consequuntur facilis.', 0, NULL, 10, '2015-11-29 08:21:40', '2015-11-29 08:21:40'),
(11, 'At suscipit officia repellat.', 'Ut nesciunt ut vel corporis est laborum cum eos consequuntur sunt eaque rerum velit esse ad facilis impedit incidunt itaque deserunt sequi ab perferendis odio recusandae explicabo voluptates eum eius dolor quas delectus unde tempora at repellendus aut tenetur repudiandae et tempore voluptate quaerat cumque necessitatibus illo sint est autem mollitia voluptatibus quasi.', 0, NULL, 11, '2015-11-29 08:21:40', '2015-11-29 08:21:40'),
(12, 'Ut alias.', 'Dignissimos in quia officia veniam et omnis qui distinctio architecto rem eum ut repellendus ipsam modi delectus omnis tempore sunt enim similique voluptatem nemo est quis culpa reprehenderit doloremque id facilis saepe sed ducimus sequi amet dolores ea est voluptates et et vitae nam quia maxime maiores quae accusamus vero iure earum aut corrupti dolorem.', 0, 95, 12, '2015-11-29 08:21:40', '2015-11-29 08:23:27'),
(13, 'Voluptatem velit rerum placeat laudantium.', 'Nemo nostrum sit aut non quis tempora atque ipsa aliquid recusandae enim minus natus magni fugiat dicta maxime repudiandae temporibus autem aut consectetur voluptas suscipit veritatis non et eos consequatur veniam illo dolor voluptatem reiciendis eligendi laboriosam odit illum similique rerum quis doloribus architecto quibusdam et aut odio cumque sed aut labore vel explicabo.', 0, 98, 13, '2015-11-29 08:21:40', '2015-11-29 08:23:28'),
(14, 'Atque.', 'Natus officia deserunt qui alias sint voluptas sapiente asperiores consequuntur illo illum et et et dignissimos exercitationem occaecati nisi amet at ut ea beatae dolorem quis quos veritatis architecto voluptas quibusdam velit accusamus est odio quaerat blanditiis sed aut neque eos quia unde doloremque rerum minima necessitatibus adipisci ea nostrum in.', 0, NULL, 14, '2015-11-29 08:21:40', '2015-11-29 08:21:40'),
(15, 'Facilis unde quisquam doloribus.', 'Officiis perferendis mollitia eius harum est dignissimos aut ut consequatur facilis sed earum ipsum delectus modi fugit tempore alias fuga sequi hic et tenetur dolores ut autem laboriosam quod a eligendi maxime in molestias deleniti amet accusantium sit ex odio voluptas voluptas cupiditate nihil eveniet iste perspiciatis similique sint dolore voluptatem voluptatem et quos dolor.', 0, NULL, 15, '2015-11-29 08:21:40', '2015-11-29 08:21:40'),
(16, 'Neque delectus.', 'Ut rerum nobis voluptatem sequi ipsam nihil quia sed quasi esse sit tempore fugit officiis consectetur quibusdam rem fugiat inventore veritatis eum assumenda earum in illum et quos rerum modi excepturi minima aut sed molestiae saepe qui iste consequuntur cumque quia voluptatem nisi minus distinctio sed ut et quisquam deleniti harum consequatur.', 0, NULL, 16, '2015-11-29 08:21:40', '2015-11-29 08:21:40'),
(17, 'Consequatur sit.', 'Cumque alias quis cupiditate consequatur et ea rerum omnis dolores quis optio similique nihil facere amet quos dolor soluta et sit numquam ut itaque ut deserunt consequuntur sequi ullam et unde corporis in tempore ipsum praesentium expedita recusandae porro quod rerum tenetur aut quidem voluptatem architecto enim voluptas quo nobis vel.', 0, 97, 17, '2015-11-29 08:21:40', '2015-11-29 08:23:28'),
(18, 'Quia.', 'Molestiae est rerum veritatis soluta distinctio enim excepturi ut nostrum recusandae sit ipsa sint vel aut aliquid eum similique ex doloremque cum esse a animi eum enim ullam aut adipisci occaecati tenetur praesentium voluptatem qui dignissimos sapiente repudiandae et architecto qui beatae repellat voluptates deleniti aliquam est et molestiae voluptas.', 0, 96, 18, '2015-11-29 08:21:40', '2015-11-29 08:23:27'),
(19, 'Aliquid repellat sunt ipsam unde omnis.', 'Enim quibusdam repudiandae voluptatibus occaecati autem est qui minus tempora magnam cumque voluptate praesentium ea eaque omnis officia natus voluptates labore illum voluptas corrupti rerum neque sit ipsam est laborum in atque aut eum rem at blanditiis quae enim aspernatur facere eligendi perferendis deleniti magni totam repellat et laboriosam fugiat impedit similique ut deserunt.', 0, NULL, 19, '2015-11-29 08:21:40', '2015-11-29 08:21:40'),
(20, 'Et aut natus numquam ea dolor.', 'Cumque officia et molestias dolorum voluptates maiores earum a et harum dolores itaque suscipit id asperiores aut possimus neque architecto aut provident eius at fugiat sed est nemo sed aut animi odio molestiae magni numquam tempore laborum natus est cupiditate maxime velit qui sit error quis recusandae omnis vero voluptatem.', 0, NULL, 20, '2015-11-29 08:21:41', '2015-11-29 08:21:41'),
(21, 'Nihil veritatis reiciendis non iure atque.', 'Qui totam consequatur deserunt odit facere id sint ut et est magnam quibusdam ipsum non quia quasi cum dolore consequatur vero corrupti culpa necessitatibus omnis explicabo iste qui sed dolorum fugit natus vel voluptas pariatur qui ipsam nobis voluptatem alias ducimus doloremque harum beatae saepe voluptas dicta temporibus eum debitis aut.', 0, NULL, 21, '2015-11-29 08:21:41', '2015-11-29 08:21:41'),
(22, 'Omnis facere.', 'Rerum provident itaque ea consectetur ex ipsa pariatur molestias asperiores quidem alias quibusdam eos nam nesciunt ut ipsum qui consequatur qui nobis illum quisquam deleniti voluptates minima laudantium et numquam reprehenderit vero ducimus aut cupiditate eum sit non a esse non minus ab impedit quia rerum sit aperiam natus sit saepe maxime aspernatur quia.', 0, 88, 22, '2015-11-29 08:21:41', '2015-11-29 08:23:27'),
(23, 'Quod tempore sequi.', 'Vel placeat distinctio debitis ipsa sint ut iusto voluptate sit qui tempora mollitia aliquid et ipsam reiciendis et vel velit et eos in quam et eveniet deleniti voluptatum soluta natus consequuntur similique expedita nulla nesciunt dolore incidunt et occaecati explicabo adipisci quisquam modi omnis dignissimos exercitationem sit est error tenetur eum aut maiores et.', 0, 87, 23, '2015-11-29 08:21:41', '2015-11-29 08:23:27'),
(24, 'Voluptatem voluptatem est similique omnis.', 'Perspiciatis et voluptas deleniti enim qui non illo nulla sapiente vero laboriosam odio nobis tenetur voluptas blanditiis est qui cum totam nihil et ex beatae unde fugiat aut dolores ipsa officiis ut exercitationem est eum vel dicta sit ut vitae qui pariatur non consequatur quia excepturi neque enim quae quam ad sit.', 0, NULL, 24, '2015-11-29 08:21:41', '2015-11-29 08:21:41'),
(25, 'Hic et.', 'Assumenda saepe in odit fugit aut et quod dolores dignissimos rem architecto excepturi et blanditiis aut omnis tenetur numquam occaecati quo corrupti dolorum consectetur modi sit iste ipsa dicta quisquam vero minima sed eligendi qui facere ad vel omnis est molestias veniam asperiores ut itaque recusandae id earum illo unde voluptas repellat.', 0, NULL, 25, '2015-11-29 08:21:41', '2015-11-29 08:21:41'),
(26, 'Fugiat qui quas.', 'Aut quibusdam quae illum animi quia officia enim minus nulla voluptatibus blanditiis neque odio numquam quis ea assumenda doloremque a sed velit et sunt vitae eos dolores ut minima incidunt sint pariatur dolorem molestiae nisi voluptas quia porro reiciendis necessitatibus sint qui quod nemo architecto qui labore illo quo accusantium totam excepturi non quo commodi.', 0, NULL, 26, '2015-11-29 08:21:41', '2015-11-29 08:21:41'),
(27, 'Ut.', 'Id repudiandae omnis ut voluptates dolores non deserunt voluptatem placeat amet nam magnam tempora dolor eligendi qui harum error consequatur eos debitis inventore quis ipsam facilis doloremque eius voluptatum expedita sapiente sit itaque modi totam aut consectetur ut quia aut ducimus eaque ipsa iusto laboriosam necessitatibus suscipit sit dolorem aut autem enim alias veritatis molestiae.', 0, 89, 27, '2015-11-29 08:21:41', '2015-11-29 08:23:27'),
(28, 'Sint voluptatem voluptatem consequatur in quia.', 'Sunt molestiae quibusdam eius soluta aut architecto eum nihil earum quos deleniti amet fugiat corporis rem nisi ea et ea laudantium odio accusamus consectetur sed voluptatem autem voluptatem id aut repellat recusandae quia vero error aliquam exercitationem quas facilis sed impedit omnis rerum sint sed cum numquam et voluptas magnam debitis quae pariatur.', 0, 92, 28, '2015-11-29 08:21:41', '2015-11-29 08:23:27'),
(29, 'Iusto nisi aliquam qui doloremque.', 'Architecto illum omnis pariatur rerum odio quos eum quaerat mollitia culpa ex ut nobis inventore aliquam dolorum ipsa commodi cumque nihil fuga accusamus et perspiciatis quidem praesentium adipisci quis omnis asperiores esse cum necessitatibus quod perferendis eligendi libero iste qui voluptates autem distinctio id consectetur quam et exercitationem officia eos aut incidunt consequatur dolore.', 0, NULL, 29, '2015-11-29 08:21:41', '2015-11-29 08:21:41'),
(30, 'Labore cum voluptate ut aut.', 'Ex earum amet ipsam eum sit laborum voluptatem ducimus rerum quo nostrum provident molestiae dolor non et delectus excepturi nobis voluptatem consectetur natus quibusdam quidem itaque asperiores ea voluptas ab eveniet laboriosam nam deserunt ad repellat facere nesciunt animi dignissimos suscipit aut voluptates accusantium cumque quo quisquam corporis sequi cupiditate ut et.', 0, NULL, 30, '2015-11-29 08:21:41', '2015-11-29 08:21:41'),
(31, 'Et id omnis.', 'Esse quia a et officiis alias cumque iure nam quibusdam aut veniam animi natus non exercitationem est earum iusto ipsam aut tempora rerum suscipit error maiores nihil rerum fugit reprehenderit doloremque architecto optio quia laboriosam quis repellat facilis qui aut nesciunt reiciendis quos autem veritatis adipisci aperiam et voluptatem enim voluptates numquam libero dolorum deserunt.', 0, NULL, 31, '2015-11-29 08:21:41', '2015-11-29 08:21:41'),
(32, 'Et culpa nam earum repellat neque.', 'Distinctio vel nulla ea et alias qui ipsum a deleniti ut laudantium repudiandae est modi et dolor eos sunt aperiam dignissimos dolorem tenetur accusamus rerum est necessitatibus suscipit commodi eligendi consectetur aut quibusdam sed at sed perspiciatis iure tempore hic quis nostrum quaerat dolor fuga culpa expedita esse voluptas vel.', 0, 91, 32, '2015-11-29 08:21:41', '2015-11-29 08:23:27'),
(33, 'Maxime dolore quam.', 'Error sint doloremque nesciunt impedit magni eum sit aut qui culpa voluptas aut atque ipsa velit et ipsum delectus nihil nam accusamus quo aut quam et reiciendis numquam tempore laboriosam quis deserunt nostrum veniam voluptatum corrupti laborum tempora odio cum occaecati et quia necessitatibus non ut hic id ut exercitationem.', 0, 90, 33, '2015-11-29 08:21:41', '2015-11-29 08:23:27'),
(34, 'Deserunt qui inventore quae.', 'Esse totam placeat inventore occaecati atque blanditiis tempora non similique tempore aperiam doloremque aut iste voluptatem nulla ea autem adipisci ut id unde iure voluptatem et qui voluptatem distinctio eligendi non aut quis qui ut est sit autem molestiae ea eaque enim tenetur quos pariatur rerum beatae voluptas maxime velit.', 0, NULL, 34, '2015-11-29 08:21:41', '2015-11-29 08:21:41'),
(35, 'Architecto dolorem et hic minima exercitationem.', 'Aspernatur autem qui culpa soluta accusantium ut corrupti eos non amet porro sunt officia non a et deleniti odio labore illo eius quis earum nesciunt maiores saepe facilis quis totam quam sit necessitatibus quo minima quae ad suscipit quas quidem tempore impedit illum vero veniam quod iste omnis laboriosam autem fuga molestiae doloribus numquam dolor.', 0, NULL, 35, '2015-11-29 08:21:42', '2015-11-29 08:21:42'),
(36, 'Vel dolore impedit iusto illum est.', 'Repellendus rem mollitia dolor aspernatur dolor fugit et natus sint molestias et nulla velit quos dolores ipsa aut laboriosam exercitationem magnam quam quidem id voluptatem minus officia dolores eius rerum eum aliquid architecto voluptates est aut doloribus facere voluptatibus quaerat et voluptatem autem nemo maiores eos sed omnis iure saepe et.', 0, NULL, 36, '2015-11-29 08:21:42', '2015-11-29 08:21:42'),
(37, 'Officia.', 'Omnis dignissimos enim doloremque sed sint id consequatur aut cumque at voluptatibus ea animi porro soluta placeat et ducimus voluptatum aut quis qui qui eos dolor quia dolores sunt sed similique odio quia autem ut iure in recusandae cupiditate aliquam alias iusto veritatis facere quam velit facilis et ad ea illo vitae non.', 0, 82, 37, '2015-11-29 08:21:42', '2015-11-29 08:23:26'),
(38, 'Laborum consequatur.', 'Quos nihil quia delectus ea consequuntur nesciunt incidunt veritatis illum aut quia aperiam dolor ad et odit aut impedit qui omnis sit velit qui provident soluta consectetur deleniti et et veniam voluptas deserunt atque eaque officia in sunt blanditiis praesentium voluptas culpa magni voluptas quis quas inventore aliquam eius sunt doloremque qui officiis.', 0, 81, 38, '2015-11-29 08:21:42', '2015-11-29 08:23:26'),
(39, 'Ut eum nam qui id ea.', 'Rerum quisquam occaecati ab tenetur at rem sint enim magnam magni neque eos sint debitis quia sunt cupiditate voluptatem aliquid soluta ratione sapiente reprehenderit voluptas autem corporis dolore eligendi natus accusantium qui repellendus qui non et non suscipit asperiores voluptatem ut sit ea corrupti aperiam deleniti quis laboriosam consequatur modi qui numquam.', 0, NULL, 39, '2015-11-29 08:21:42', '2015-11-29 08:21:42'),
(40, 'Assumenda voluptatibus totam et.', 'Aut ut iste quasi perferendis rem odit reiciendis ipsam voluptas culpa rerum a quibusdam excepturi sunt voluptatem fugit et in ex quae minus tempore repudiandae natus quis corrupti numquam voluptatem placeat exercitationem enim magnam deleniti quo aut ipsum dolorem et inventore earum suscipit ratione et tempora beatae facere consequuntur vero et quia accusantium cupiditate consequatur.', 0, NULL, 40, '2015-11-29 08:21:42', '2015-11-29 08:21:42'),
(41, 'Molestiae nostrum.', 'Consectetur aut mollitia laudantium ut enim sint expedita quae quia qui perspiciatis qui et labore rerum in iure odio blanditiis ut officiis soluta similique voluptatem sit maxime deserunt excepturi aut maiores in quia dignissimos veniam a illum dicta autem laboriosam repellendus saepe aut facere neque eum commodi ut eveniet explicabo inventore quis provident.', 0, NULL, 41, '2015-11-29 08:21:42', '2015-11-29 08:21:42'),
(42, 'Non voluptas ab porro harum.', 'Officiis officia doloremque modi soluta sit quo labore libero tenetur possimus quidem qui non veniam eius odit fuga qui sunt nihil nobis aperiam amet aut consequatur alias vero quasi neque commodi eos corporis architecto recusandae sequi harum omnis et blanditiis dicta quod dignissimos ut consequatur sit velit voluptatum dolore ea saepe est enim odio.', 0, 83, 42, '2015-11-29 08:21:42', '2015-11-29 08:23:26'),
(43, 'Praesentium expedita id possimus facere.', 'Fuga aut et omnis consequatur quia ut ipsum recusandae nobis beatae aliquid omnis eaque harum quis tenetur explicabo eveniet et voluptatem exercitationem quam expedita impedit rerum laborum ut minus voluptas et ab sint iure et minima ducimus veritatis id inventore cum nesciunt quis et enim maiores aspernatur nemo eligendi adipisci sint qui architecto eum id.', 0, 84, 43, '2015-11-29 08:21:42', '2015-11-29 08:23:26'),
(44, 'Autem repudiandae.', 'Beatae dolore sed praesentium ut iure tempore dolores minus nobis natus pariatur deleniti accusantium quos amet tenetur totam reprehenderit dolor porro consequuntur qui quidem dolorem mollitia asperiores est inventore sequi alias dignissimos optio cupiditate unde accusamus est maxime harum distinctio quia vero et quis libero voluptatum perferendis rem officiis ex.', 0, NULL, 44, '2015-11-29 08:21:42', '2015-11-29 08:21:42'),
(45, 'Voluptas eum distinctio iste maiores architecto.', 'Rerum rerum ut nostrum omnis impedit et quod reiciendis laudantium neque tempora laborum expedita recusandae optio tempore enim quos maxime molestiae veniam eaque harum iure sequi sint fugit minus sit necessitatibus soluta est est error rem dolor architecto et dolorem assumenda et corrupti nesciunt rerum placeat et ut iusto quis voluptatem.', 0, NULL, 45, '2015-11-29 08:21:42', '2015-11-29 08:21:42'),
(46, 'Autem in enim.', 'Voluptatum omnis adipisci voluptatem et rerum quia iste architecto dolor consectetur eum eius rerum perspiciatis facere nulla alias illum assumenda occaecati qui et qui corporis repudiandae in distinctio praesentium aut rerum voluptate eos accusamus laudantium consequatur quibusdam corrupti sequi illo impedit eaque numquam earum totam autem nihil omnis reiciendis magnam tempora perferendis ad quis nemo.', 0, NULL, 46, '2015-11-29 08:21:42', '2015-11-29 08:21:42'),
(47, 'Labore excepturi modi doloremque delectus beatae.', 'Laudantium est fuga saepe ipsa nostrum eius consequatur eligendi voluptatem mollitia aliquid natus culpa ea earum optio ut a illo ullam molestiae est et cumque repellat possimus ipsum cupiditate voluptatibus quidem adipisci in velit odit eaque ut doloremque ducimus quis itaque vitae ab molestiae porro rerum alias placeat fugiat nemo neque blanditiis numquam odio quibusdam.', 0, 85, 47, '2015-11-29 08:21:42', '2015-11-29 08:23:26'),
(48, 'Eos voluptatem assumenda.', 'Eveniet voluptatem velit qui omnis corporis ex nihil adipisci consectetur qui dolores consequatur error et sed doloremque consequuntur distinctio aperiam laborum perferendis amet delectus qui architecto quas laboriosam quisquam enim in non et ut dolor suscipit consequatur cumque repellendus quia ad nesciunt dolorem vel neque assumenda quidem est quam odio officia ut.', 0, 86, 48, '2015-11-29 08:21:42', '2015-11-29 08:23:26'),
(49, 'Vitae.', 'Voluptatem repellat non tempora recusandae dolores sint sit eligendi maiores expedita cumque dolore hic omnis voluptas et ex reprehenderit cupiditate laboriosam et incidunt provident magnam aut perspiciatis quia debitis voluptatem iste nisi iusto omnis soluta sed sit illum necessitatibus nihil quaerat veritatis in sint quam doloribus enim ipsum aut veniam non alias vero.', 0, NULL, 49, '2015-11-29 08:21:42', '2015-11-29 08:21:42'),
(50, 'Vel suscipit dolor eos.', 'Minus ullam aliquid necessitatibus consequatur repellendus harum veniam voluptatem cumque velit aut omnis eaque libero nobis ratione sed a sapiente animi neque facilis error voluptas sint cum accusamus adipisci et ut id atque qui quam totam dolorem excepturi eum deleniti corrupti repellat qui minima ut magnam reiciendis voluptate commodi officia ipsa perferendis enim mollitia ex.', 0, NULL, 50, '2015-11-29 08:21:42', '2015-11-29 08:21:42'),
(51, 'Accusantium quia quia provident quidem corrupti.', 'Quam voluptas voluptatem vel odit ut veniam incidunt quae consequatur occaecati necessitatibus quidem sit unde ea itaque nobis quos fugit laboriosam dolores autem doloremque officiis adipisci similique facilis eius eveniet beatae ratione odio molestiae aspernatur ipsam culpa velit blanditiis illum iure et ea voluptatem recusandae aliquam tempore fugiat quibusdam ex.', 0, NULL, 51, '2015-11-29 08:21:42', '2015-11-29 08:21:42'),
(52, 'Ad molestias.', 'Ratione asperiores molestias aut impedit commodi et id at quaerat eum nesciunt quibusdam nulla voluptatibus vitae quia ex tempore accusantium ipsa ut voluptatum soluta ut in enim accusamus et delectus adipisci omnis quod illo repellendus occaecati facere expedita dolorum laudantium sequi est ea vel sed et earum voluptas hic unde est veniam.', 0, 76, 52, '2015-11-29 08:21:43', '2015-11-29 08:23:26'),
(53, 'Quae.', 'Est quae tenetur et hic voluptates animi culpa rerum et eum ea veniam consectetur cumque quod quasi eos velit et voluptatem aut inventore pariatur quas dolores odit ea ut a qui reiciendis exercitationem in et non ab voluptas consequatur omnis sit quis dolore sunt id iure tempora consequuntur explicabo voluptatibus voluptate neque aspernatur.', 0, 75, 53, '2015-11-29 08:21:43', '2015-11-29 08:23:25'),
(54, 'Delectus dolores est sit odio.', 'Magnam ipsum debitis ut nemo quis voluptatem non omnis quos esse modi cumque libero qui sequi incidunt rerum vel recusandae quae commodi nam optio numquam ut sapiente et perferendis velit veritatis et totam dolorem quibusdam iste sed occaecati possimus porro nesciunt est expedita nihil consequatur eaque nobis eum error dolor natus quia aliquam blanditiis aperiam.', 0, NULL, 54, '2015-11-29 08:21:43', '2015-11-29 08:21:43'),
(55, 'Rerum illum ad.', 'Eos nihil et animi totam ex beatae eaque eveniet nam quasi quaerat cum in sed dolore ipsa et consequatur ut dolores sit omnis laudantium qui voluptatem fuga earum odio et voluptatibus accusantium quidem occaecati non minus et ea nesciunt modi non aut quam voluptatem sequi exercitationem ut qui cumque temporibus nemo ullam molestiae laboriosam vero.', 0, NULL, 55, '2015-11-29 08:21:43', '2015-11-29 08:21:43'),
(56, 'Doloribus aut veritatis.', 'Est consequatur qui voluptatibus est voluptatum sequi sed minus maxime vitae quidem aut architecto voluptates provident quia nihil repellendus fugiat ipsam praesentium ullam aut maiores nemo dolorem delectus quasi ea illo et minima consequatur odit et consequuntur qui qui consequatur officiis libero exercitationem in quia magni recusandae in modi laborum ea velit nesciunt ut.', 0, NULL, 56, '2015-11-29 08:21:43', '2015-11-29 08:21:43'),
(57, 'Quaerat repellendus eaque.', 'Mollitia unde non et blanditiis sequi ipsam molestiae saepe rem vel nisi esse sit facere aut sed animi aliquid voluptatem eligendi velit reiciendis facilis consectetur labore qui quo ducimus voluptates maiores vel expedita distinctio suscipit ipsa fuga provident debitis dolores amet rerum aliquam quos rerum consequatur tempora repellat alias voluptatem laboriosam tenetur harum enim quidem.', 0, 74, 57, '2015-11-29 08:21:43', '2015-11-29 08:23:25'),
(58, 'A.', 'Fugit doloribus nemo reiciendis aut repudiandae tempore ipsam numquam nam eaque molestiae magnam minima aut aut officia sapiente ab sed atque amet omnis dolor velit voluptatem suscipit natus vel sequi vel dignissimos enim est soluta distinctio veniam eligendi aut cumque in hic quas doloremque aliquam explicabo quis consequatur cum dolorem mollitia quibusdam et.', 0, 73, 58, '2015-11-29 08:21:43', '2015-11-29 08:23:25'),
(59, 'Architecto et quaerat exercitationem dignissimos delectus.', 'Minus suscipit tenetur animi praesentium quia natus assumenda id quibusdam quod voluptatem aliquid nisi itaque eos placeat ut earum voluptas architecto aut enim sed voluptatem nihil eum provident neque pariatur laboriosam dicta et incidunt qui laborum reprehenderit illo harum ullam eaque omnis at saepe odio tempore aperiam sed sequi sit.', 0, NULL, 59, '2015-11-29 08:21:43', '2015-11-29 08:21:43'),
(60, 'Voluptatem esse quis.', 'Voluptatum laboriosam alias sed aut autem voluptate quae suscipit voluptatem iusto nihil odio eligendi mollitia quasi illum est et omnis rem non et tenetur laborum quia modi aut dolor et officia odit repudiandae cupiditate molestias dicta voluptas commodi tempora deleniti vel saepe porro quia est labore iste voluptas sapiente in quas veritatis soluta quia.', 0, NULL, 60, '2015-11-29 08:21:43', '2015-11-29 08:21:43'),
(61, 'Vel magni quia ipsa.', 'Est magni consequatur quibusdam aut fugiat unde quia temporibus facilis numquam excepturi rerum eaque corporis ut hic voluptas sit veniam accusantium soluta voluptatibus consequuntur incidunt corrupti et repellat deserunt voluptas beatae est in ut sint debitis quae omnis mollitia libero sunt dolore sit ut necessitatibus repellendus velit animi ipsam et non molestiae voluptatum qui.', 0, NULL, 61, '2015-11-29 08:21:43', '2015-11-29 08:21:43'),
(62, 'Omnis vero.', 'Magni delectus illum sit repellendus quisquam omnis aut eaque voluptatum enim voluptatibus voluptas et dolores aliquam dolorem aut illo dignissimos ab quae vitae officia dolorum ea nesciunt quam ut culpa nihil sed cupiditate dolores fuga necessitatibus accusantium voluptas recusandae et rerum eos minima totam et ut optio tempore odio aliquid.', 0, 80, 62, '2015-11-29 08:21:43', '2015-11-29 08:23:26'),
(63, 'Magni voluptatem vel.', 'Impedit voluptas molestiae odit sit ea totam magni suscipit incidunt quia distinctio ipsa officiis qui esse omnis omnis assumenda repudiandae deserunt laudantium voluptas perferendis culpa dolore aut beatae sit et delectus est possimus sed consectetur ipsum sit quia nostrum voluptatum commodi modi quod eos quibusdam aut error mollitia aut unde reprehenderit ut dolorem.', 0, 79, 63, '2015-11-29 08:21:43', '2015-11-29 08:23:26'),
(64, 'Amet nulla.', 'Sunt suscipit quam ut qui voluptas incidunt ab natus exercitationem omnis dolorem at similique cum dolor aut nihil est perferendis saepe minima ut officiis ipsum optio illo repellat cumque id tenetur facere modi voluptatem quia rem laborum eaque labore non necessitatibus ratione architecto praesentium quo et eum odit soluta possimus aliquam laboriosam ad quas enim.', 0, NULL, 64, '2015-11-29 08:21:43', '2015-11-29 08:21:43'),
(65, 'Ab autem in.', 'Earum est saepe vero occaecati molestias ea veniam qui porro autem totam modi repellat possimus voluptate excepturi omnis voluptas laborum laboriosam dolorum quis incidunt a reiciendis provident nostrum nihil nihil amet sint error nemo rerum ut atque aspernatur iste ex sint omnis ipsam eveniet tenetur ab magnam vitae quo consequatur et eos.', 0, NULL, 65, '2015-11-29 08:21:43', '2015-11-29 08:21:43'),
(66, 'Dolor saepe et temporibus delectus voluptatum.', 'Nam alias iusto et earum distinctio eveniet ut aperiam dolore dolores dolor quos quasi at deleniti hic quae magni ut cum repellendus voluptates esse reiciendis nostrum ipsam labore nobis pariatur aliquam magnam odit error et doloribus et ut reprehenderit ratione quas et voluptatem omnis eos sequi exercitationem officiis quidem veritatis.', 0, NULL, 66, '2015-11-29 08:21:43', '2015-11-29 08:21:43'),
(67, 'Iste.', 'Fugiat consequatur fugit in sit sit pariatur et ea aut eveniet accusamus occaecati consequatur quas velit sint et deleniti deserunt ipsa repellendus enim ab reprehenderit recusandae aperiam non odio sunt quo voluptates et tempora officiis alias ipsam magni corrupti tenetur nihil nemo a et unde quia rem aut nostrum adipisci ea non animi sapiente temporibus.', 0, 78, 67, '2015-11-29 08:21:43', '2015-11-29 08:23:26'),
(68, 'At et aut quibusdam ut.', 'Aliquid ullam hic in aperiam minima unde ut temporibus veritatis possimus fugiat quidem rem doloremque commodi cum minus impedit et et distinctio tenetur consequatur adipisci dolores reprehenderit harum a quasi id et labore corporis eveniet soluta inventore recusandae exercitationem perferendis rerum esse dicta eos provident dolor quam dolores sint ex illo sit qui.', 0, 77, 68, '2015-11-29 08:21:43', '2015-11-29 08:23:26'),
(69, 'Veniam.', 'Rerum consequatur nam et voluptas aut et ea dolore recusandae assumenda velit enim animi ipsa adipisci autem placeat harum architecto consequatur est voluptatem impedit quisquam id est dolores sit voluptate reiciendis distinctio inventore exercitationem tenetur beatae soluta et perspiciatis in est quibusdam totam quo dolorem asperiores expedita incidunt corrupti fugit voluptatum illum.', 0, NULL, 69, '2015-11-29 08:21:43', '2015-11-29 08:21:43'),
(70, 'Qui.', 'Ut voluptas maxime totam voluptatem animi cum sunt atque dignissimos libero officia quia accusamus aspernatur omnis sed inventore in voluptate est molestias rem facere at unde quas deserunt ullam quia illo error voluptates laudantium a temporibus natus quod laborum ut qui necessitatibus itaque vero eos laboriosam aliquid ipsam quasi et asperiores.', 0, NULL, 70, '2015-11-29 08:21:44', '2015-11-29 08:21:44'),
(71, 'Consequatur optio.', 'Optio consequuntur ad quia voluptatem necessitatibus at consequatur sit laboriosam non commodi qui eaque non mollitia sunt aut architecto sit odit illo enim qui amet soluta quas aut non maxime dolore rem dolor placeat possimus labore accusantium quaerat impedit et voluptatem quod voluptate vel natus molestiae eius aspernatur esse eos aut accusamus dolorem quos.', 0, NULL, 71, '2015-11-29 08:21:44', '2015-11-29 08:21:44'),
(72, 'Odit necessitatibus beatae suscipit maxime voluptatem.', 'Quaerat modi cumque sed veritatis et temporibus alias qui blanditiis animi provident corporis earum doloremque est sint aut at et qui voluptatibus ab in sit minima deserunt accusamus debitis exercitationem reprehenderit sed dolor cum mollitia est minus quo dolorum perferendis ut sequi architecto laboriosam est voluptatem repellat vitae non ad a doloribus voluptatum odit explicabo.', 0, 68, 72, '2015-11-29 08:21:44', '2015-11-29 08:23:24'),
(73, 'Voluptas eum dolores.', 'Ut dolores et dicta est similique saepe deleniti id iusto blanditiis et placeat et repudiandae dignissimos odit et laboriosam assumenda sit aliquid modi facere nihil ut neque sint et deserunt tempora mollitia eum quas ut amet et sed quia molestiae optio tempore omnis illum velit accusamus repellendus ea molestias et cumque autem.', 0, 67, 73, '2015-11-29 08:21:44', '2015-11-29 08:23:24'),
(74, 'Incidunt qui.', 'Rem suscipit impedit ut maxime dolorem modi qui consequatur repudiandae ratione ad dolores quo aut pariatur sint vitae a dolores similique aspernatur accusamus iusto totam voluptatem explicabo quasi ullam sunt doloribus sunt sed atque distinctio id eligendi est veniam quam cupiditate et aut dolorum fuga nam voluptatibus adipisci exercitationem numquam facilis eum in aliquam nihil.', 0, NULL, 74, '2015-11-29 08:21:44', '2015-11-29 08:21:44'),
(75, 'Natus atque.', 'Officiis et eaque eos modi doloremque nihil dolores repellat assumenda voluptatem aut minima tenetur harum quia culpa beatae quisquam optio recusandae suscipit enim quia id delectus sunt sit aliquid ab consequuntur minus iusto eligendi voluptas saepe tempora fuga quis ut vel aut rerum odit vel quos consequatur a rerum qui et debitis at hic.', 0, NULL, 75, '2015-11-29 08:21:44', '2015-11-29 08:21:44'),
(76, 'Sed non voluptatem.', 'Explicabo assumenda quae voluptatem sunt et voluptas dolore voluptates eius natus mollitia aut vel non voluptatem nam facere quos ut perspiciatis error occaecati ipsum ratione aspernatur laudantium officiis blanditiis saepe accusantium nostrum quia et vero perferendis consequatur doloribus illo adipisci dicta odit sit nemo cupiditate quia aut commodi velit dignissimos aliquid est vitae labore.', 0, NULL, 76, '2015-11-29 08:21:44', '2015-11-29 08:21:44'),
(77, 'Est maxime voluptas magnam at.', 'Similique ut voluptatem sit ut est libero eum iure expedita rem enim nobis laboriosam iusto eligendi voluptatem consequatur et ut enim repellendus inventore distinctio voluptatem necessitatibus nulla repellat vitae sunt aut aut fugit recusandae minus quis vel est aut commodi ducimus impedit error modi aut dolorum eos molestiae itaque qui qui ratione fuga cupiditate iste.', 0, 69, 77, '2015-11-29 08:21:44', '2015-11-29 08:23:24'),
(78, 'Earum illum numquam inventore ipsam repudiandae.', 'Aut iusto dolorem animi rerum fugiat et aut ut sint veniam sint maiores numquam in minus ex provident sunt qui ut sit aperiam natus ut non impedit autem et quas praesentium quo nesciunt ipsam voluptatem quis iste ad consectetur repudiandae alias earum error sed iure tempora sapiente omnis rerum nisi qui commodi dolorem magnam et.', 0, 70, 78, '2015-11-29 08:21:44', '2015-11-29 08:23:25'),
(79, 'Deserunt sint voluptatibus quia possimus.', 'Ut hic quisquam velit molestiae cumque possimus ea deleniti enim in quod amet aliquid provident sed dolores aut non error omnis earum laborum cum qui esse tenetur laboriosam voluptatum consequatur et mollitia neque qui qui nostrum assumenda tempore et rerum cupiditate et qui praesentium quae dolor laudantium saepe quidem et inventore veniam nobis delectus ut.', 0, NULL, 79, '2015-11-29 08:21:44', '2015-11-29 08:21:44'),
(80, 'Itaque optio vel.', 'Incidunt saepe aspernatur vero rerum quisquam perferendis ut soluta quibusdam maiores qui cum reiciendis voluptates voluptatem necessitatibus praesentium qui aut odio ut et consequatur et laudantium tempore aut voluptate dolores et quis ipsum reprehenderit ipsa aperiam cupiditate eum magni sunt labore esse eaque est qui accusantium excepturi consequatur quo assumenda minima hic.', 0, NULL, 80, '2015-11-29 08:21:44', '2015-11-29 08:21:44'),
(81, 'Excepturi quia placeat ea tempora.', 'Iure eum beatae voluptas magnam inventore neque harum est perferendis rem similique quia molestias est qui saepe quia eligendi dolorem quo minus quam vitae fugit consequuntur dignissimos iusto et corporis ipsam omnis dolorum et ducimus vero ut qui tempore temporibus enim nostrum soluta est laboriosam repellendus omnis cum et omnis in.', 0, NULL, 81, '2015-11-29 08:21:44', '2015-11-29 08:21:44'),
(82, 'Et vel eligendi in et.', 'Minima neque perspiciatis dolorem dolores recusandae ut tempora voluptatem quibusdam et placeat ex molestiae autem totam est impedit nam veritatis rem tenetur optio et reprehenderit omnis perferendis iste quod laudantium inventore error quo qui harum quis consequatur temporibus quas eligendi ut illum consequatur quae modi vel est commodi quo aut cupiditate sed.', 0, 72, 82, '2015-11-29 08:21:44', '2015-11-29 08:23:25'),
(83, 'Adipisci a quidem sed magni nihil.', 'Qui fuga quo possimus est animi sint voluptatibus enim dolorem et voluptate a provident ea cum neque quas qui voluptatum magnam incidunt sapiente tenetur perferendis harum ab dolor accusantium id nostrum blanditiis ea facere porro numquam assumenda minus modi natus qui dolorem at exercitationem sit voluptatem mollitia eveniet atque asperiores cumque eos qui.', 0, 71, 83, '2015-11-29 08:21:44', '2015-11-29 08:23:25'),
(84, 'Sit sint sint enim.', 'Autem repellat quisquam non doloremque ut rerum hic aliquam et eius consequatur nihil consequatur omnis consequuntur totam optio eaque suscipit aut accusamus eum tenetur tempora rerum quam et voluptatibus molestiae aut possimus vel quia omnis et quaerat qui praesentium fugiat at officia et sit in quo quia nulla illo cumque ut temporibus.', 0, NULL, 84, '2015-11-29 08:21:44', '2015-11-29 08:21:44'),
(85, 'Est dicta consequatur.', 'Eum alias vel voluptatem quis fugit debitis at quam autem quia sit et tenetur esse id accusamus sint dolor aperiam et rerum quo ducimus dolores labore aliquam dignissimos nihil mollitia consequatur quaerat in delectus sit cupiditate impedit aliquid eum quod provident sit eos aut autem similique repellendus facere molestias suscipit ullam odio repellat libero sunt.', 0, NULL, 85, '2015-11-29 08:21:44', '2015-11-29 08:21:44'),
(86, 'Eligendi soluta qui ullam sed.', 'Ea animi dolore non qui quo dolor ut adipisci tempore cumque voluptatem sint rem et illum odio sed inventore dicta quia quia sapiente reprehenderit eos ipsa nam ducimus qui sit quia est id quia et corrupti exercitationem fuga eligendi temporibus tenetur mollitia soluta non aut vel magnam accusantium commodi velit similique.', 0, NULL, 86, '2015-11-29 08:21:45', '2015-11-29 08:21:45'),
(87, 'Et et.', 'Accusamus explicabo esse voluptatem eius enim placeat minus velit dignissimos consequatur qui ratione qui eum et optio et sed ducimus reiciendis nemo ut ullam ad praesentium qui et eveniet consectetur nihil facere voluptas temporibus nihil distinctio ut sed repellat quasi cumque quibusdam eum adipisci rem doloribus molestias quia necessitatibus ipsa voluptatem laborum ex.', 0, 63, 87, '2015-11-29 08:21:45', '2015-11-29 08:23:24'),
(88, 'Ut quasi quo.', 'Rem rerum quis laudantium et vero nulla perspiciatis ducimus blanditiis ut molestias enim et rerum voluptatibus voluptas maxime ratione neque odit nam eaque debitis recusandae eum qui at nobis eos consequatur voluptatem alias est adipisci exercitationem fugiat impedit vitae in temporibus nesciunt commodi sunt quibusdam dolorem deserunt repellat aut eos ut itaque voluptatem ipsum qui.', 0, 62, 88, '2015-11-29 08:21:45', '2015-11-29 08:23:24'),
(89, 'Quo et.', 'Et maxime qui qui perspiciatis amet eum dolor accusamus dolorem placeat sunt dolorem atque ex explicabo quo temporibus ut pariatur delectus minima quas quo non totam esse id corrupti molestiae hic qui error quibusdam odit omnis ullam a deserunt quis modi quod consequuntur alias soluta consequatur nam earum non excepturi necessitatibus est dolor.', 0, NULL, 89, '2015-11-29 08:21:45', '2015-11-29 08:21:45'),
(90, 'Ut.', 'Commodi quis consequatur nam ut voluptas aliquam quae autem sequi enim nisi nostrum aut blanditiis occaecati ad atque eos est ex et neque aut modi nobis debitis sapiente illum sint quaerat dolores asperiores aut explicabo voluptatem quia dolorum sed animi aut autem perspiciatis at veritatis aperiam cupiditate reiciendis cumque labore id provident dolor consequatur facilis.', 0, NULL, 90, '2015-11-29 08:21:45', '2015-11-29 08:21:45'),
(91, 'Est nihil temporibus esse quo hic.', 'Officiis quia itaque exercitationem ex ab sit reprehenderit odio corrupti suscipit tempora pariatur voluptatum veritatis id eum quidem et saepe voluptatem et enim ad ut temporibus aut mollitia expedita dolor ea autem et vel aut dolores quia qui illum repudiandae assumenda deserunt debitis est aspernatur neque est aliquam ut hic id.', 0, NULL, 91, '2015-11-29 08:21:45', '2015-11-29 08:21:45'),
(92, 'Magni.', 'Quisquam necessitatibus ea et eligendi voluptas quia recusandae sed molestiae voluptatum et expedita suscipit sed est incidunt dolor quis nostrum eveniet vel quia et sit aut laborum esse alias aperiam ut unde odit accusantium voluptas modi facere labore sapiente non doloremque fuga error nisi excepturi ad deleniti cum aut ullam sed.', 0, 61, 92, '2015-11-29 08:21:45', '2015-11-29 08:23:24'),
(93, 'Est aspernatur aliquam.', 'Quibusdam fugiat rerum unde illo dolorum harum ut et soluta doloremque placeat dolores quod dicta aut beatae quas voluptate autem debitis et aliquam esse cupiditate natus blanditiis suscipit est culpa quis ex autem reprehenderit sequi quidem id inventore exercitationem omnis nobis nemo molestiae consequuntur qui qui laboriosam ut molestiae sed sunt.', 0, 64, 93, '2015-11-29 08:21:45', '2015-11-29 08:23:24'),
(94, 'Voluptatem non harum quibusdam.', 'Magnam consequatur sit sunt placeat ut occaecati veniam qui voluptatum ducimus totam culpa nam debitis expedita amet similique quia non ut et eum sunt dolore et cumque cum corporis minus ipsa repellendus quasi et rerum sapiente natus at enim velit esse quae doloremque maiores tempore ut sit sed unde asperiores eos porro corrupti maxime enim.', 0, NULL, 94, '2015-11-29 08:21:45', '2015-11-29 08:21:45'),
(95, 'Ipsam et ratione provident sed facilis.', 'Repellat nemo odit aperiam quo eum animi sed eveniet rerum laudantium odio officiis voluptas assumenda dolores quia est est sequi consequatur facilis asperiores quam voluptatum ad sint non enim nihil et distinctio ut eos quo veniam et expedita dolor ut officia et modi voluptate vel qui labore nam magni dolorem neque illo sed non explicabo.', 0, NULL, 95, '2015-11-29 08:21:45', '2015-11-29 08:21:45'),
(96, 'Iusto.', 'Fuga et autem praesentium aut dolorum quos consectetur voluptatum necessitatibus veniam magnam aut minus consequatur accusamus dolores et quae optio temporibus at sed soluta quis quisquam quo voluptatem doloremque iure perspiciatis numquam tenetur voluptas ab et doloribus sunt voluptatem deleniti omnis cupiditate nemo minima sequi provident et eos officiis sed quia explicabo voluptatem deserunt est.', 0, NULL, 96, '2015-11-29 08:21:45', '2015-11-29 08:21:45'),
(97, 'Minus sed accusamus.', 'Laboriosam sit qui accusantium sit aut recusandae est tempora distinctio nihil error atque est deleniti soluta itaque consequuntur commodi omnis maiores reprehenderit illo totam labore aut enim dignissimos odit impedit consequatur provident excepturi nesciunt et et quasi dolore eum vitae ut sed similique ut voluptatem repellat culpa autem dolorem dolor non.', 0, 66, 97, '2015-11-29 08:21:45', '2015-11-29 08:23:24'),
(98, 'Ipsam dolores.', 'Est quos voluptatem sequi voluptatem dolorem ad sit natus esse suscipit blanditiis dolorum beatae unde et non libero reiciendis et quia excepturi rerum itaque sint quisquam at explicabo aliquam qui voluptatem quae perferendis recusandae aut velit asperiores rerum provident sed eum incidunt ab sint fugit alias soluta aut consectetur qui veritatis tempore labore dolor.', 0, 65, 98, '2015-11-29 08:21:45', '2015-11-29 08:23:24'),
(99, 'Et voluptas beatae esse vero magni.', 'Eum iusto aliquid dolor et ut est laudantium molestiae sunt aliquam et incidunt ut quasi ea maiores inventore soluta laborum nisi voluptatum facere et saepe modi possimus consequatur voluptatibus maxime minus facilis illum dolor qui sed quo sed aperiam rem ab illo voluptas ut atque itaque officia voluptatem non quod cupiditate.', 0, NULL, 99, '2015-11-29 08:21:45', '2015-11-29 08:21:45'),
(100, 'Ea voluptatibus neque.', 'Esse ut in qui non a enim ab ut sit quos aut voluptatem iusto error alias necessitatibus laudantium magni aut et accusantium similique tempora laborum aut molestiae et animi quisquam accusamus non ea fugit sint quibusdam est libero natus voluptas corporis voluptate eaque assumenda facilis vel ut dicta dolor debitis deserunt reprehenderit.', 0, NULL, 100, '2015-11-29 08:21:45', '2015-11-29 08:21:45'),
(101, 'Est necessitatibus velit.', 'Ipsa odit qui magnam eum necessitatibus molestiae incidunt animi repellat voluptatem eum rem adipisci fugiat rerum culpa inventore dignissimos itaque temporibus provident unde sit facilis velit quia expedita reprehenderit perferendis et est blanditiis nihil dolore sit voluptatem id maxime est nihil beatae praesentium optio quibusdam neque perspiciatis voluptas asperiores eos dicta est dolorum.', 0, NULL, 101, '2015-11-29 08:21:46', '2015-11-29 08:21:46'),
(102, 'Cumque nihil quia sed.', 'Velit quas amet eius eos aut est est nostrum reprehenderit nesciunt impedit delectus quia et necessitatibus aspernatur id aut inventore voluptatibus qui officia dolore porro nihil incidunt et nobis ad ullam error sed rem iste sed aut suscipit sit vel soluta et doloribus totam voluptatem in sit in et laborum perspiciatis.', 0, 57, 102, '2015-11-29 08:21:46', '2015-11-29 08:23:23'),
(103, 'Id.', 'Fuga non reiciendis ut consequuntur dolorem commodi ipsa nisi vel cupiditate dicta rem odio id repudiandae nobis eligendi et corporis consequatur voluptas dolore vitae culpa ad recusandae aspernatur molestiae maiores quis natus sed pariatur et autem inventore mollitia cum ut ut dolores in perspiciatis repellat ea tempora sed consequatur quaerat.', 0, 56, 103, '2015-11-29 08:21:46', '2015-11-29 08:23:23'),
(104, 'Et laborum facere vel voluptatem.', 'Doloremque ex accusamus rem consequuntur qui minima consequatur omnis est ad explicabo fuga dicta harum voluptas incidunt recusandae excepturi sequi deleniti amet perspiciatis soluta earum accusantium iusto tenetur sunt ullam molestiae nesciunt suscipit asperiores dolorem veritatis perferendis optio cum voluptate est eum qui ducimus id praesentium in deserunt qui reprehenderit aut et.', 0, NULL, 104, '2015-11-29 08:21:46', '2015-11-29 08:21:46'),
(105, 'Rerum voluptatem.', 'Impedit voluptatem amet velit quia qui temporibus dolor itaque adipisci enim ex nulla ullam molestiae laudantium a error voluptate aperiam quia minima debitis exercitationem architecto et eos repellat magnam labore perspiciatis dolorem sunt pariatur dolores sed consequatur omnis sit maxime ad consequatur laborum consequuntur saepe unde laboriosam reprehenderit perferendis quas.', 0, NULL, 105, '2015-11-29 08:21:46', '2015-11-29 08:21:46'),
(106, 'Sed enim ipsum vero in et.', 'Nemo ipsam corrupti dolores impedit sunt sapiente odit nobis quasi nesciunt quod enim aut fugiat provident laborum eum et perspiciatis et dolor ratione numquam consequatur optio laboriosam aliquid officiis quibusdam aut esse cumque asperiores vitae eos corporis aut vel non ut est commodi molestiae sit quas qui qui occaecati ullam itaque accusamus temporibus.', 0, NULL, 106, '2015-11-29 08:21:46', '2015-11-29 08:21:46'),
(107, 'Quibusdam porro cupiditate maxime.', 'Inventore voluptatem vero id maiores et nemo mollitia temporibus saepe sit nisi iure quod dolorem dolorum consectetur eveniet et dolore voluptas est qui exercitationem omnis reprehenderit non dolor facere similique reiciendis sint quas totam autem hic libero magni qui deserunt at tenetur cupiditate natus quidem ab sit porro illo tempore delectus.', 0, 55, 107, '2015-11-29 08:21:46', '2015-11-29 08:23:23'),
(108, 'Et delectus assumenda.', 'Soluta quidem sunt commodi delectus expedita repellendus fugiat quis aliquam non dolorem molestiae officiis blanditiis ut ex temporibus maiores quia dolorum quibusdam nam architecto numquam ullam eius necessitatibus quos dolores voluptas perferendis et sed quo qui velit aut mollitia et fuga eos est excepturi possimus iure est voluptas adipisci suscipit odio quia.', 0, 58, 108, '2015-11-29 08:21:46', '2015-11-29 08:23:23'),
(109, 'Voluptatum et aut perspiciatis velit.', 'Vitae neque cupiditate architecto porro vero et minus et at dolore alias repellendus sint labore earum asperiores quis corrupti qui accusamus corporis ut voluptas quaerat ratione dicta non fugit optio odit quos dolorem ipsam fuga rerum inventore esse dolores maiores voluptas qui doloribus pariatur temporibus numquam molestias nisi ea nulla nam consectetur magnam sequi aut.', 0, NULL, 109, '2015-11-29 08:21:46', '2015-11-29 08:21:46');
INSERT INTO `services` (`id`, `title`, `description`, `cost`, `service_arrangement_id`, `service_request_id`, `created_at`, `updated_at`) VALUES
(110, 'Ducimus voluptas est itaque dignissimos.', 'Sequi cumque aperiam qui et aut minus fugit quo et vel necessitatibus ipsum laudantium ea id aut ut alias aut dolorum iusto excepturi fugiat iure voluptatem ad minima reiciendis architecto autem magni veritatis molestiae unde possimus reprehenderit et fuga libero suscipit dolor molestias at ea autem maxime rerum velit qui magnam.', 0, NULL, 110, '2015-11-29 08:21:46', '2015-11-29 08:21:46'),
(111, 'Ea.', 'Ea autem molestias quam aut consequatur est sit enim mollitia ut nesciunt hic est dignissimos sed voluptatibus odit quod qui debitis totam est rerum temporibus recusandae et non consectetur ad sunt sequi sint qui possimus fugit aspernatur dolorum minus nulla aut illum et tempore omnis a cumque nemo ullam eum voluptatem enim.', 0, NULL, 111, '2015-11-29 08:21:46', '2015-11-29 08:21:46'),
(112, 'Deserunt voluptatem et veritatis hic.', 'Consequatur odio voluptatem iste fugiat ad nesciunt ipsam ab aspernatur in aut autem numquam repellendus voluptatum cum porro est cupiditate aliquid rem illum possimus sint tempore quasi vel qui ut placeat tenetur dolore eaque iusto eum quis error accusamus consequatur nisi dolor laboriosam et dolorem expedita sed a commodi id eligendi ut.', 0, 60, 112, '2015-11-29 08:21:46', '2015-11-29 08:23:23'),
(113, 'Voluptate.', 'Non consequatur architecto aut eaque error reprehenderit voluptatum commodi aperiam perspiciatis corrupti officia enim saepe omnis impedit dolor magni optio laborum nisi doloribus et voluptas mollitia et veritatis voluptatem sint distinctio nulla nihil sit amet voluptate est enim aspernatur alias quos quae sed vel assumenda tempora placeat et expedita ratione ea a eligendi rerum.', 0, 59, 113, '2015-11-29 08:21:46', '2015-11-29 08:23:23'),
(114, 'Fuga est reprehenderit sunt laborum.', 'Atque quia doloremque ex quis quia voluptas totam nesciunt laborum provident esse eos neque quod aperiam voluptas est ut non corrupti consequatur similique sint nihil nobis et et placeat unde rerum mollitia ipsum temporibus tempora rerum non nihil eum fuga quae sunt modi et quia et voluptatem enim natus aut perferendis dolor.', 0, NULL, 114, '2015-11-29 08:21:46', '2015-11-29 08:21:46'),
(115, 'Natus.', 'Maiores sunt qui rerum autem soluta quaerat beatae voluptates eius assumenda sed placeat in qui unde asperiores omnis repellendus voluptatibus vel fugit dolor facilis iure id sint voluptatum eos sequi laboriosam eum vel dolores similique aut est dolorum consequatur quibusdam consequuntur quae dicta commodi et voluptas cum eaque rerum accusamus eos et.', 0, NULL, 115, '2015-11-29 08:21:46', '2015-11-29 08:21:46'),
(116, 'Et.', 'Qui cupiditate iste et quae laborum quod ipsum soluta quis voluptate nobis minima occaecati dolores quia sed rerum quam quo qui nisi id alias ducimus quo tempore repudiandae natus sed voluptas sunt illum aut dolorem error sapiente ut ut eligendi distinctio omnis voluptatem quidem dolorem omnis non ea voluptas ea molestiae sit.', 0, NULL, 116, '2015-11-29 08:21:47', '2015-11-29 08:21:47'),
(117, 'Aspernatur dolor aut et asperiores.', 'Dignissimos repellendus esse est aliquid id nihil sapiente reprehenderit et qui nisi tempore eius modi earum et ut accusamus molestiae et eaque quidem fugiat dolor quaerat officiis suscipit optio neque ipsum soluta non ab aut enim et quia alias similique sed ratione harum quam ipsa cum et assumenda in aspernatur atque voluptate delectus maiores.', 0, 51, 117, '2015-11-29 08:21:47', '2015-11-29 08:23:23'),
(118, 'Sit libero exercitationem unde atque non.', 'Quidem in sed vel est rerum ipsa quis distinctio cupiditate quod rerum rem accusamus vero et velit commodi officia nostrum nesciunt doloribus porro tempora saepe minus modi explicabo optio esse sapiente reiciendis ut fuga nemo sit aut iusto voluptatem qui nulla quisquam autem dolores et deserunt libero dignissimos aut officiis dolore perferendis et non harum.', 0, 52, 118, '2015-11-29 08:21:47', '2015-11-29 08:23:23'),
(119, 'Error ut sit illo.', 'Odio repellat numquam officia sit minima sunt ut qui velit velit et sint consequatur aut non nobis quis temporibus libero tempora rem quo exercitationem voluptatem et perspiciatis vero quaerat et officiis non sit quis reiciendis et in eligendi reprehenderit aliquam quidem eum est debitis nihil possimus nostrum architecto voluptates beatae omnis harum dolores sunt.', 0, NULL, 119, '2015-11-29 08:21:47', '2015-11-29 08:21:47'),
(120, 'Est fuga.', 'Quas similique distinctio voluptates tempore molestiae in quia eligendi nihil ratione velit est veritatis molestias est nesciunt alias impedit tempora illum nemo omnis ipsa praesentium possimus dicta qui odio sed reprehenderit qui voluptatem quis voluptate voluptatibus id inventore quisquam cum consequatur temporibus quam sed ut sint ut officia laboriosam aut.', 0, NULL, 120, '2015-11-29 08:21:47', '2015-11-29 08:21:47'),
(121, 'Sit ut voluptatem distinctio.', 'Quia ratione nihil sequi doloremque impedit officiis dicta tempora vel eum facilis magnam consequatur perspiciatis quae qui odit recusandae ipsam illum soluta inventore pariatur hic modi qui consequatur dignissimos possimus cumque ea omnis eum dolorem aspernatur quia quasi numquam reprehenderit aut excepturi dolores suscipit assumenda natus sed est error voluptas quod.', 0, NULL, 121, '2015-11-29 08:21:47', '2015-11-29 08:21:47'),
(122, 'Deleniti autem voluptas.', 'Quo et velit error nulla voluptas laboriosam repudiandae quis pariatur eos sapiente autem aperiam consequatur aut fugiat nemo magni eum molestias odio molestiae odit veritatis quia velit alias perferendis qui magnam ut ut suscipit dolor eaque eius deleniti corporis sed tempora minima corrupti ullam eligendi ab esse at voluptatem voluptatibus ducimus et.', 0, 53, 122, '2015-11-29 08:21:47', '2015-11-29 08:23:23'),
(123, 'Possimus reiciendis.', 'Vel est ipsum distinctio sint quisquam veniam ipsa soluta corporis sunt cupiditate eum optio asperiores iste dolorum qui et laborum eaque aliquam qui possimus adipisci temporibus natus repudiandae sed sed necessitatibus ipsam recusandae quo deleniti eius et et sit similique nostrum eveniet consectetur blanditiis qui reiciendis consequatur odit reprehenderit voluptatibus quae quaerat architecto ut consequuntur.', 0, 54, 123, '2015-11-29 08:21:47', '2015-11-29 08:23:23'),
(124, 'Ab quidem et dicta.', 'Laboriosam maxime qui consequatur consequatur sapiente id qui atque quasi itaque aut accusantium possimus totam fugiat labore quos provident voluptas maiores sit consequatur natus veniam quia enim ratione tempore earum rem aperiam molestias facere iusto qui dolor enim voluptates consequuntur repudiandae ut reprehenderit quis cum sint minima quod deleniti est ipsum nulla quam.', 0, NULL, 124, '2015-11-29 08:21:47', '2015-11-29 08:21:47'),
(125, 'Ut inventore quia id dignissimos placeat.', 'Ut inventore est et illo vel quam minus in necessitatibus laudantium distinctio odio autem dolorem excepturi voluptate voluptatem aliquid molestiae sit possimus consectetur nemo velit rerum quos aut et quidem non nihil non qui reprehenderit et et animi voluptatem quia doloribus minima occaecati blanditiis tenetur consequuntur beatae error ratione ab ullam sed mollitia sed.', 0, NULL, 125, '2015-11-29 08:21:47', '2015-11-29 08:21:47'),
(126, 'Soluta et.', 'Qui facilis ab consequatur necessitatibus inventore quo qui eum reprehenderit iure est temporibus non praesentium aut libero voluptas voluptas ut eum non quia dolores omnis rem aliquid ut aut veritatis quisquam et explicabo similique quod autem officiis est voluptatem nostrum ipsam rerum placeat exercitationem dicta sunt minima dolor reiciendis excepturi consequatur sed dolor iste.', 0, NULL, 126, '2015-11-29 08:21:47', '2015-11-29 08:21:47'),
(127, 'Mollitia tempore nostrum corrupti.', 'Neque non commodi ut rem repellendus ad voluptatem modi molestiae nesciunt voluptate quam ipsa perspiciatis sapiente nobis deleniti libero dolor consequatur voluptatem suscipit est quia veritatis autem saepe non quasi error ipsam et repellat occaecati quas laborum in soluta dolores labore nulla expedita quis et aut ab repudiandae molestias sed adipisci.', 0, 47, 127, '2015-11-29 08:21:47', '2015-11-29 08:23:22'),
(128, 'Omnis molestias.', 'Nesciunt sint illo cumque quia atque aut similique occaecati libero itaque id qui velit magni dolores consequatur asperiores tempore numquam dolorem at quidem velit adipisci qui praesentium architecto eligendi quisquam assumenda non officia voluptatem esse odit quo saepe commodi ut non neque qui eaque laudantium eum iste aut ut et qui sed aspernatur voluptate ratione.', 0, 48, 128, '2015-11-29 08:21:47', '2015-11-29 08:23:22'),
(129, 'Animi eligendi ea.', 'Enim nemo rerum veniam id adipisci porro ut asperiores reprehenderit repudiandae est et aut eveniet non in quisquam sit quis omnis odio aperiam doloremque necessitatibus omnis numquam sunt perferendis neque rem consequatur minima voluptate eligendi deserunt magnam et vero ipsam dolorem occaecati ullam saepe hic cum eos et aspernatur consequatur amet.', 0, NULL, 129, '2015-11-29 08:21:47', '2015-11-29 08:21:47'),
(130, 'Culpa et quia magnam soluta.', 'Consectetur id ut nostrum aut molestias incidunt nihil debitis sapiente et in dolores et architecto et sed vero repellendus earum eveniet minus eos aliquid cupiditate error exercitationem beatae quisquam deserunt facilis excepturi qui magnam sed eum et dolores iste voluptatum corrupti nesciunt ut voluptatem dolor similique ad quos praesentium tempora ullam accusamus.', 0, NULL, 130, '2015-11-29 08:21:47', '2015-11-29 08:21:47'),
(131, 'Assumenda iure amet.', 'Id voluptatem fuga deserunt voluptate sequi quaerat aut itaque voluptas quia consectetur recusandae ullam qui dolorem hic laudantium praesentium facere distinctio dolores illo modi impedit consequatur quibusdam sed reprehenderit deleniti quis soluta et molestiae sed qui dolor natus aut occaecati enim animi cum ipsum dicta ea eum optio non facilis ut doloribus est velit molestias.', 0, NULL, 131, '2015-11-29 08:21:47', '2015-11-29 08:21:47'),
(132, 'Dolorem architecto nihil reprehenderit.', 'Rerum eaque quis harum ea ut distinctio suscipit consequatur saepe aut eum placeat libero praesentium repudiandae facere natus omnis nulla et dolorem deserunt ab sint est ut blanditiis hic doloribus quae eos inventore magnam sed enim et qui rerum fugiat nemo sint sit ut et provident ut autem est voluptatem eos.', 0, 49, 132, '2015-11-29 08:21:47', '2015-11-29 08:23:22'),
(133, 'Similique voluptatem ratione molestiae.', 'Nisi dolorum placeat culpa consequuntur ullam saepe dolorem velit distinctio ipsa quasi mollitia dolores non quo nesciunt laboriosam veritatis est nihil et libero aliquid rerum et aut eos iure qui aut fugiat minima est labore eveniet corporis molestiae et ut veniam aspernatur expedita sit illo voluptatem sit qui officiis ut corrupti provident ab.', 0, 50, 133, '2015-11-29 08:21:47', '2015-11-29 08:23:22'),
(134, 'Quis vel reprehenderit error eum optio.', 'Veniam eos est quia accusamus at qui voluptatem laborum dolore sit magnam corrupti ipsum blanditiis impedit eum maxime molestias in unde distinctio excepturi consequatur voluptas sunt similique explicabo itaque laboriosam dolor molestiae voluptate ea quia ipsa esse earum assumenda a ratione libero et delectus minima aut maiores consequatur expedita doloribus praesentium aut.', 0, NULL, 134, '2015-11-29 08:21:47', '2015-11-29 08:21:47'),
(135, 'In aliquid error.', 'Pariatur vel in iure consequatur earum molestias quis deleniti error nostrum non quod velit ratione suscipit est sit quidem aut officia ullam consectetur harum voluptatem rerum et quae fugiat excepturi aut debitis reiciendis quia similique in unde iusto a tenetur ipsam saepe perferendis fuga ut nulla ducimus itaque consequuntur omnis quia.', 0, NULL, 135, '2015-11-29 08:21:48', '2015-11-29 08:21:48'),
(136, 'Ea.', 'In doloremque vero nobis consequuntur saepe odit vel recusandae minus libero culpa et asperiores accusantium et deserunt sit dolores perspiciatis ad ratione deleniti et tenetur porro in consequatur eligendi et eius qui incidunt tempore laborum architecto dignissimos repellendus provident sed mollitia facilis ullam aut delectus quaerat cum sint molestias voluptatem.', 0, NULL, 136, '2015-11-29 08:21:48', '2015-11-29 08:21:48'),
(137, 'Est repellat fugit et fugiat sed.', 'Enim numquam nemo et voluptatem similique qui ipsa esse ad omnis veniam labore voluptates quidem corporis ipsam qui quibusdam possimus assumenda ut quo nisi recusandae non rerum nobis consequatur ullam eos natus libero aut praesentium expedita adipisci error voluptate illo velit quaerat eveniet vel facilis aliquam blanditiis totam earum est nulla aut officia eum unde.', 0, 42, 137, '2015-11-29 08:21:48', '2015-11-29 08:23:22'),
(138, 'Similique et qui aut quasi non.', 'Veritatis enim quaerat illo est laudantium tempora consequatur debitis quia corporis doloremque nam dolorum ab tenetur voluptatem iusto et corrupti minus porro dolorem repudiandae possimus quas ut dolor qui architecto eligendi aut qui ratione velit aperiam sequi modi sit vel mollitia autem sed autem est error quod facilis iure quia quis amet reiciendis reprehenderit soluta.', 0, 41, 138, '2015-11-29 08:21:48', '2015-11-29 08:23:22'),
(139, 'Non consequatur sunt.', 'Tempora ex modi eos voluptatem qui at est recusandae placeat maiores expedita eaque dicta quis inventore velit quae facere provident mollitia et suscipit nobis nemo qui temporibus cupiditate aut impedit et architecto fugit quo et culpa reprehenderit soluta ut ea in eius possimus laborum et omnis ut non quisquam ut quos commodi laudantium voluptatum.', 0, NULL, 139, '2015-11-29 08:21:48', '2015-11-29 08:21:48'),
(140, 'Quae sunt dolores error est rem.', 'Voluptatum sit accusantium aut quaerat dolores voluptas qui quod quibusdam possimus rem deserunt dolor molestiae asperiores quis aliquam doloribus perspiciatis sunt earum excepturi facilis ducimus recusandae et itaque velit fugiat enim cupiditate porro voluptatem tenetur pariatur sint voluptatem deleniti quam voluptatem nesciunt nam eum corporis temporibus error molestias eum libero voluptas.', 0, NULL, 140, '2015-11-29 08:21:48', '2015-11-29 08:21:48'),
(141, 'Est.', 'Aut vel velit impedit sequi dolor expedita quas et officiis molestiae doloremque porro quisquam quo necessitatibus ad veritatis eaque eos fugit ut magnam voluptas cum praesentium voluptas non officia at nemo sit qui omnis ratione laboriosam dolorem culpa consequatur illum qui iusto alias et corporis magni pariatur sapiente modi veniam quae enim ut sunt.', 0, NULL, 141, '2015-11-29 08:21:48', '2015-11-29 08:21:48'),
(142, 'Rerum fuga aspernatur sed.', 'Nostrum ut qui eum velit delectus voluptatem incidunt sit sit quo enim voluptas sunt asperiores et et porro nihil neque voluptatem soluta ducimus eaque minus magnam dolor quis voluptate consequatur veniam distinctio quisquam tempora fuga aut explicabo praesentium illo ex corporis non est ut sequi esse cumque consequatur eos quasi laboriosam voluptas vitae similique quia.', 0, 43, 142, '2015-11-29 08:21:48', '2015-11-29 08:23:22'),
(143, 'Eum sint.', 'Et est quo nostrum dolore qui enim dolores sequi est voluptatem tempore velit quidem ex quia magni est ut odit omnis tenetur quaerat aut doloremque ipsum tempora fuga aspernatur odio eos iure totam temporibus consequatur et vitae minus placeat et quis ratione atque optio ducimus porro ut ea et dolores dolorem.', 0, 44, 143, '2015-11-29 08:21:48', '2015-11-29 08:23:22'),
(144, 'Consequuntur culpa.', 'Quidem aperiam occaecati voluptas aliquid sunt et omnis dolor et non tempora quo fugit maxime voluptatibus nam et aut quasi optio atque velit est ut quibusdam eveniet molestiae nisi vel praesentium laborum et voluptas odio quas iusto molestias suscipit quia tempore repellat ad quae architecto quis sed assumenda ea tenetur ipsa voluptatem earum.', 0, NULL, 144, '2015-11-29 08:21:48', '2015-11-29 08:21:48'),
(145, 'Ab quis nobis et repellat.', 'Dolore similique eum qui expedita itaque voluptas voluptatem et facilis deserunt omnis distinctio consequatur est perspiciatis id cupiditate quas dolores soluta ad aut amet officia non in voluptates fuga quis est et dolorem aspernatur aut aliquam non esse sint animi neque placeat est inventore repellat odit fugit aliquid et minus ut maiores.', 0, NULL, 145, '2015-11-29 08:21:48', '2015-11-29 08:21:48'),
(146, 'Sit doloremque.', 'Cum odit voluptatem asperiores consequuntur minus recusandae illo id consequatur fugiat corrupti maiores totam facere aut qui voluptate non minima ut quia corporis earum voluptas sed sunt magnam sed ea adipisci nam voluptates officia delectus eligendi impedit et labore est dolorem voluptas incidunt laboriosam ex tempore reprehenderit dolor consequatur dolor mollitia modi vel reiciendis quia.', 0, NULL, 146, '2015-11-29 08:21:48', '2015-11-29 08:21:48'),
(147, 'Est ab animi ipsam corporis.', 'Sed saepe veniam temporibus esse omnis perspiciatis ut aut consectetur voluptatem distinctio et deleniti eos commodi consequatur inventore ducimus molestias suscipit ut iure nihil iusto qui dicta voluptas et non asperiores quod numquam minima est laboriosam cumque nam dolorum repellat et debitis qui explicabo sunt minus non et voluptatibus molestiae dolores beatae officia unde consequatur.', 0, 46, 147, '2015-11-29 08:21:48', '2015-11-29 08:23:22'),
(148, 'Provident consequatur necessitatibus et voluptatem vel.', 'Doloribus cum et eos ex architecto nesciunt ad earum quo eum consectetur quaerat est ut aspernatur laborum ea ea voluptas rerum dicta exercitationem veniam ut quos et ullam repellat est repudiandae dolores non quisquam tenetur illo ipsa qui ipsam autem cupiditate explicabo voluptatem sit sint officiis consequatur fuga repellendus eius deserunt vitae.', 0, 45, 148, '2015-11-29 08:21:48', '2015-11-29 08:23:22'),
(149, 'Eligendi qui quas nihil id atque.', 'Impedit consequatur ut maxime ut cum praesentium tenetur magni consequatur repellendus perferendis architecto ea dolores possimus laudantium suscipit fugit voluptatum numquam qui dolor modi velit ipsa eveniet excepturi id illo voluptates ullam deleniti nesciunt aut a fugiat est mollitia assumenda quo odit eaque et nisi inventore doloribus doloremque voluptas esse quidem itaque.', 0, NULL, 149, '2015-11-29 08:21:48', '2015-11-29 08:21:48'),
(150, 'Rerum illum quam recusandae enim omnis.', 'Enim nemo id saepe iusto et nesciunt qui aut distinctio ipsa enim consequuntur eligendi eum dicta id nobis vitae voluptatem voluptatem quo libero fugiat aut quia non dignissimos excepturi a hic cupiditate voluptas officia repellendus fuga voluptatibus alias est culpa dolores iure porro optio explicabo quasi qui nam ipsam at omnis eius sed autem deleniti.', 0, NULL, 150, '2015-11-29 08:21:49', '2015-11-29 08:21:49'),
(151, 'Nihil ut quas consequatur eveniet.', 'Deserunt magnam dolore labore nemo ipsum voluptatibus ea aspernatur et non odit doloremque cumque nulla officiis in omnis totam enim laboriosam veniam perferendis cupiditate veritatis occaecati porro voluptatem quo quisquam voluptatem velit consequatur aut aut nihil voluptas delectus nisi sapiente necessitatibus rerum sint nostrum enim earum doloribus maiores saepe eaque eum sunt id.', 0, NULL, 151, '2015-11-29 08:21:49', '2015-11-29 08:21:49'),
(152, 'Odio sed molestiae aut.', 'Amet iusto et qui vitae non possimus quia fugit sunt quos voluptatem aut libero alias nesciunt perferendis ab tempora tenetur cumque qui earum assumenda temporibus in dicta aut magni sunt voluptatum doloremque commodi nam fugiat ullam eaque aspernatur quae illum odio id omnis nihil ea et eveniet aperiam vero maxime a dolor.', 0, 37, 152, '2015-11-29 08:21:49', '2015-11-29 08:23:21'),
(153, 'Aut quam quibusdam dicta repellendus.', 'Nihil similique minus totam pariatur voluptatem ab tenetur praesentium et ut quo quisquam nulla culpa blanditiis perferendis qui quidem commodi voluptatem non odio accusantium itaque sed provident laborum sapiente est labore quasi explicabo et voluptas ea animi dolor aut quod voluptas occaecati deleniti dolorem enim et voluptates architecto earum aut ut dolorum.', 0, 38, 153, '2015-11-29 08:21:49', '2015-11-29 08:23:21'),
(154, 'Numquam amet libero.', 'Atque laborum beatae dicta minus rerum qui eius officiis temporibus non consequatur eum est aspernatur nemo eaque quo et perspiciatis eos perferendis cumque aliquid harum est unde aut explicabo in occaecati odio voluptatem modi a dolores et aut tempora velit quis nostrum cum molestiae vel in sit ut consequatur quia vero veritatis.', 0, NULL, 154, '2015-11-29 08:21:49', '2015-11-29 08:21:49'),
(155, 'Est error omnis ipsum quidem.', 'Quae saepe illo rerum repudiandae et facere qui facilis officia tempore sit vel quam mollitia distinctio recusandae ut laborum quidem voluptates eos accusantium et voluptas quas dolores id consequatur totam at labore aut fugit consequatur dolore tempora voluptatem accusamus iste quasi velit pariatur laboriosam ad eveniet sint reprehenderit ut laudantium omnis.', 0, NULL, 155, '2015-11-29 08:21:49', '2015-11-29 08:21:49'),
(156, 'Voluptatem ut omnis exercitationem.', 'Molestias ut rerum perspiciatis enim quod dolore optio aut veniam harum reiciendis est quia non fugiat iste quae rerum sunt illum alias rem iusto ut ut molestiae sunt modi consequuntur sit aut non dignissimos et eligendi in aspernatur laudantium error deleniti aut cumque quibusdam ea nobis animi quisquam aut sed.', 0, NULL, 156, '2015-11-29 08:21:49', '2015-11-29 08:21:49'),
(157, 'Aspernatur.', 'Et neque qui ad aliquid unde maxime excepturi debitis quidem dolores esse quos sint id voluptates magnam et ipsa natus minus quia incidunt ratione at fugit ut officia eaque amet veritatis et optio dignissimos consequatur in commodi officiis est odit est a non molestias est asperiores dolores molestiae quod quam facere qui harum.', 0, 39, 157, '2015-11-29 08:21:49', '2015-11-29 08:23:21'),
(158, 'Recusandae inventore assumenda.', 'Laboriosam tenetur commodi esse voluptatum dolore est unde illum accusamus eveniet iste quaerat explicabo alias et quisquam dolores quia in quae vitae est fuga aut eaque occaecati laudantium rerum expedita nam tempore eos voluptatem nihil quis fugit minima placeat distinctio eum aut ipsam ducimus quia facere similique est debitis et neque culpa.', 0, 40, 158, '2015-11-29 08:21:49', '2015-11-29 08:23:22'),
(159, 'Iste unde voluptas.', 'Sunt quam incidunt laudantium ut et officiis non quis ducimus illum voluptatum et numquam perferendis harum repellendus earum itaque odit similique nesciunt voluptatem non eum qui architecto ratione nihil velit aut quaerat delectus aut sed maiores voluptates cum dolores sint et a alias quasi molestias atque excepturi voluptatem rerum optio aut fuga.', 0, NULL, 159, '2015-11-29 08:21:50', '2015-11-29 08:21:50'),
(160, 'Sed assumenda eius maxime laudantium quia.', 'Impedit dolorum molestiae voluptas quam perspiciatis dignissimos ipsum numquam voluptatem porro incidunt nam ratione voluptates itaque maxime molestiae blanditiis quisquam error unde eos asperiores quia quis quia aut temporibus sit suscipit earum repellendus facilis aut pariatur provident in deleniti in culpa aliquam nulla alias molestias odio est corporis reprehenderit qui.', 0, NULL, 160, '2015-11-29 08:21:50', '2015-11-29 08:21:50'),
(161, 'Quia debitis modi exercitationem.', 'Iste tenetur sed ratione eligendi distinctio provident commodi quia reprehenderit esse incidunt dignissimos consequuntur dolor voluptas earum corrupti modi adipisci minus excepturi autem quisquam dicta occaecati voluptas non quis illo voluptatem molestiae vitae nam qui ea et accusamus perspiciatis id aut debitis itaque nesciunt aliquid odit cum consequatur neque sed quaerat aperiam.', 0, NULL, 161, '2015-11-29 08:21:50', '2015-11-29 08:21:50'),
(162, 'Minima quas voluptas qui.', 'Error vel ipsum quos magni unde itaque corporis et libero sit quam repellat quia distinctio qui sit reprehenderit enim explicabo dolores in consequatur aperiam ipsam quidem hic et autem nihil quisquam aliquam facilis ut rerum amet odio vel quae asperiores iure dicta harum sed voluptas autem fuga et nulla consequatur nemo qui.', 0, 32, 162, '2015-11-29 08:21:50', '2015-11-29 08:23:21'),
(163, 'Voluptate est voluptatem repudiandae velit quod.', 'Suscipit hic assumenda dicta quam repellat eum et autem quibusdam voluptas rem est minima earum sapiente minus quae quia eaque error similique harum molestiae numquam aut natus quia omnis nihil optio quis repudiandae omnis et illum et a dolor dolorem sunt animi id non facilis et consequuntur fugiat asperiores magnam impedit nulla et.', 0, 31, 163, '2015-11-29 08:21:50', '2015-11-29 08:23:21'),
(164, 'Ut tenetur consequatur.', 'Consequatur quasi quisquam perferendis explicabo autem sed qui molestiae quia aut facere quod excepturi animi quo inventore laudantium illum incidunt veniam accusantium eum cupiditate optio ut perspiciatis in vero et soluta repellat sed vel debitis ex praesentium rerum quia nobis velit sit aperiam facilis recusandae dolorum occaecati non nesciunt consequuntur eos quis.', 0, NULL, 164, '2015-11-29 08:21:50', '2015-11-29 08:21:50'),
(165, 'Et repudiandae itaque libero consequatur.', 'Amet quod ut veniam et sunt corporis incidunt aliquid hic autem laboriosam ea assumenda iusto dolores quis quo officia eum ratione temporibus atque vitae consequatur molestiae quidem sit reiciendis voluptatibus aut exercitationem vel inventore non et maiores quis qui id est dignissimos placeat qui minus non totam ut eligendi delectus et praesentium dolorum.', 0, NULL, 165, '2015-11-29 08:21:50', '2015-11-29 08:21:50'),
(166, 'Aut dolor eos dolores ea et.', 'Quia ipsum laboriosam eveniet reiciendis officiis et in ab maiores et repellat fuga reprehenderit aut est dolorem quam consequuntur dolores eum quasi id possimus error dolorem ad atque qui minima ratione nam fugit enim numquam a voluptatem id non sit accusantium sit cupiditate excepturi sit natus quia repudiandae optio qui corrupti.', 0, NULL, 166, '2015-11-29 08:21:50', '2015-11-29 08:21:50'),
(167, 'A commodi sunt.', 'Iusto omnis quos quaerat sed neque consectetur perferendis autem doloribus quas nulla totam aut a deserunt odit consequatur accusamus minima sit quod dolorem repellendus eveniet dolorum sequi ut est est tempore vitae molestias vero eligendi ut aut adipisci corrupti voluptates praesentium et dolores deleniti qui animi aperiam dicta maxime et consequuntur natus beatae.', 0, 33, 167, '2015-11-29 08:21:50', '2015-11-29 08:23:21'),
(168, 'Quae dignissimos in facilis.', 'Delectus itaque aliquid doloribus culpa sint quaerat rerum laborum consectetur libero asperiores ea sequi velit dolorem voluptatibus assumenda et enim sed nam quo modi debitis nostrum magnam praesentium quam in eligendi dolorem dolores consequatur atque quibusdam nesciunt labore odit mollitia aperiam veniam nemo laboriosam et aspernatur fugit at sapiente ea.', 0, 36, 168, '2015-11-29 08:21:50', '2015-11-29 08:23:21'),
(169, 'Sint.', 'Quaerat aut soluta itaque in et earum ipsum officia et rerum deserunt numquam in dolores dolor suscipit tempora assumenda id sed tenetur temporibus sunt corrupti inventore placeat accusamus consequatur eos quisquam autem aperiam magni dolor rerum odio quo occaecati est atque nemo ut sint dignissimos animi qui velit est mollitia sit aut iure.', 0, NULL, 169, '2015-11-29 08:21:50', '2015-11-29 08:21:50'),
(170, 'Ullam praesentium dolores.', 'Nobis et unde vel voluptatum ut occaecati ab quas qui maiores est facilis vitae facere et ullam repudiandae rerum quaerat corrupti iusto commodi alias quo possimus dolores expedita reiciendis mollitia sequi similique molestiae quibusdam nesciunt in excepturi vero magnam ut sunt labore neque deserunt aliquid voluptates consectetur quod est quia id nihil non architecto ut.', 0, NULL, 170, '2015-11-29 08:21:50', '2015-11-29 08:21:50'),
(171, 'Assumenda nihil enim eum et.', 'Voluptas voluptates qui accusamus laborum fuga sed est ut et itaque ex laudantium sed ab labore qui quas non quae occaecati a eum quaerat vero minima quia voluptatem perspiciatis ut beatae adipisci aperiam cum voluptatem omnis doloremque ut saepe tempore incidunt quia non reprehenderit dolores impedit dolor facere eos eveniet sint praesentium.', 0, NULL, 171, '2015-11-29 08:21:50', '2015-11-29 08:21:50'),
(172, 'Vero esse odit in ut et.', 'Praesentium dolores velit enim optio quos laudantium suscipit quia voluptas veniam omnis et voluptas consequatur ex dolor nihil in id et commodi dolorum qui doloribus sit omnis corrupti saepe veritatis accusantium neque nam illo repellat blanditiis est quidem quia labore consectetur quasi exercitationem consequatur laboriosam assumenda earum et aliquam soluta vel quas.', 0, 35, 172, '2015-11-29 08:21:50', '2015-11-29 08:23:21'),
(173, 'Natus.', 'Labore eligendi nostrum iusto perspiciatis quibusdam consequatur praesentium doloremque omnis sit et molestiae velit voluptas vitae ut enim nisi voluptatibus officia odio omnis est sint maiores rem consequuntur aut id suscipit iure non unde enim laborum molestias eius est voluptatem voluptas sunt laudantium aut distinctio harum maxime autem facere laboriosam.', 0, 34, 173, '2015-11-29 08:21:50', '2015-11-29 08:23:21'),
(174, 'Rerum illum occaecati id.', 'Dolorem modi ipsa ullam ea consequatur fuga voluptatum inventore error velit non repellendus dignissimos quia enim quis mollitia sit dolorum qui repellat ratione magnam consequuntur ex voluptatem architecto molestiae cumque aspernatur labore eius veritatis et a cupiditate saepe maiores vitae laborum eligendi voluptas corporis ab excepturi in et quo voluptate nostrum dolore consequatur.', 0, NULL, 174, '2015-11-29 08:21:51', '2015-11-29 08:21:51'),
(175, 'Incidunt molestiae aut odio.', 'Blanditiis sed consequuntur facilis quia nisi qui ad officia culpa adipisci est non id dolor quis qui sint excepturi debitis odit cum facere perspiciatis deserunt nihil eaque voluptatem qui aperiam vel eligendi ipsum asperiores neque sit rerum beatae modi voluptas repudiandae eos eos laboriosam soluta vero aut impedit consectetur et voluptate omnis vitae enim.', 0, NULL, 175, '2015-11-29 08:21:51', '2015-11-29 08:21:51'),
(176, 'Quis dolorem quas magnam voluptatem.', 'Neque aut laborum dolorem ab ut hic temporibus et eum nam consequatur quia qui sed sit similique eligendi rerum enim soluta sit unde quisquam consequatur culpa mollitia doloribus excepturi laudantium nemo occaecati dicta delectus quis est vel explicabo tempora consequatur error et dolorum quo consectetur quia est iure modi sunt omnis in doloremque beatae.', 0, NULL, 176, '2015-11-29 08:21:51', '2015-11-29 08:21:51'),
(177, 'Autem dignissimos qui aut qui.', 'Iste itaque et aperiam est exercitationem nostrum vero enim sequi sed et velit expedita omnis optio dolore aut rerum numquam quia ipsam eos corporis aut repellat et magnam quo quis accusamus est tempora ipsa cupiditate quia debitis saepe ut soluta accusantium aspernatur error sint voluptate ratione non ab ullam qui reiciendis ut nihil facere ut.', 0, 26, 177, '2015-11-29 08:21:51', '2015-11-29 08:23:20'),
(178, 'Quisquam cum suscipit ut praesentium aut.', 'Sit sit est exercitationem et sapiente et quisquam quaerat odit iure sed voluptatem odio vero excepturi harum dolor necessitatibus perspiciatis nulla maiores temporibus optio ut hic et qui voluptatum molestias sed rerum reiciendis est quod iste modi veniam illo molestiae magnam aut natus quas esse assumenda ratione eos recusandae enim impedit unde ipsum.', 0, 25, 178, '2015-11-29 08:21:51', '2015-11-29 08:23:20'),
(179, 'Illum officiis ducimus sint aut.', 'Reiciendis asperiores et fugiat aliquam provident voluptas quam aut ex perspiciatis voluptatum qui vero est similique soluta culpa quia earum quaerat in et quibusdam hic officia adipisci reprehenderit voluptatem consequuntur laudantium officiis atque pariatur eligendi rerum tenetur maiores et recusandae modi omnis minus velit ratione ea distinctio dignissimos eum laborum.', 0, NULL, 179, '2015-11-29 08:21:51', '2015-11-29 08:21:51'),
(180, 'Et praesentium qui blanditiis voluptas ut.', 'Dicta veniam ut dolorum asperiores repellat in occaecati dolorem et nihil quis iste quo ut omnis inventore ullam quo excepturi id dignissimos modi voluptatem ut voluptas similique cupiditate reiciendis quidem culpa quod nemo molestias quas est aspernatur reprehenderit sint deserunt eligendi rem cum maiores aut magnam nam est aut minus eveniet dolore et alias.', 0, NULL, 180, '2015-11-29 08:21:51', '2015-11-29 08:21:51'),
(181, 'Quaerat aut harum vel.', 'Enim laborum est eos sunt ut ex numquam in et dolor magni exercitationem voluptatem nulla maiores officiis iusto eum non id temporibus corporis sint molestias voluptatibus facilis non ut rerum et et incidunt quisquam voluptas dolores ullam est dignissimos rem qui libero dolores qui autem voluptas quis sequi beatae adipisci alias nam.', 0, NULL, 181, '2015-11-29 08:21:51', '2015-11-29 08:21:51'),
(182, 'Aliquam mollitia aut.', 'Pariatur quia et temporibus molestiae corporis laboriosam in sed ut sint laudantium quia hic nostrum et velit dolores nesciunt asperiores aut culpa nobis et ad reprehenderit sequi quo voluptas dolore eius voluptatem cumque accusantium qui autem harum numquam occaecati assumenda voluptatem officiis non nihil omnis tempore et expedita dolorum non qui quas perspiciatis quibusdam quia.', 0, 27, 182, '2015-11-29 08:21:51', '2015-11-29 08:23:20'),
(183, 'Sunt dolorum et eveniet.', 'Maiores fugiat voluptate necessitatibus error dignissimos nam dolores ab adipisci odit consequatur et et recusandae consequuntur unde deserunt aspernatur et id et dolorum quae temporibus minima qui facilis autem dolores sunt eius illum neque iusto ratione dolor magnam nesciunt vel atque occaecati assumenda enim mollitia rerum est in suscipit provident non impedit.', 0, 28, 183, '2015-11-29 08:21:51', '2015-11-29 08:23:20'),
(184, 'Dolorum est sed dolorem est unde.', 'Velit aspernatur consectetur nam sunt incidunt aperiam quis ut eligendi dicta saepe ipsa et earum sed sed id facilis provident ut autem et commodi aut tempora facere dolorum magni laborum cupiditate culpa nihil qui atque qui ea cum quos possimus eius ullam nisi eum et ut architecto odit accusantium aut voluptatem et in consequatur.', 0, NULL, 184, '2015-11-29 08:21:51', '2015-11-29 08:21:51'),
(185, 'Rerum ut commodi.', 'Repudiandae dolor sint ab omnis ut blanditiis corrupti ut et deleniti voluptas rerum fugiat vero et aut enim est totam aliquid non voluptatem ad laboriosam dolor qui id voluptatem tempora atque quia explicabo excepturi expedita tenetur doloribus aut quia magnam at autem harum rerum numquam officiis occaecati non quis molestias suscipit error.', 0, NULL, 185, '2015-11-29 08:21:51', '2015-11-29 08:21:51'),
(186, 'Perspiciatis unde quia eum numquam ipsum.', 'Sed eius eos excepturi in sapiente enim nisi sed eos explicabo et atque est autem itaque tempore id sit aut dolores ratione ullam placeat vitae qui quia non voluptatibus repudiandae veniam et aut rerum minus dolorum laborum et dolorem nulla id earum a tenetur eum aut expedita autem perspiciatis illum minima eligendi.', 0, NULL, 186, '2015-11-29 08:21:51', '2015-11-29 08:21:51'),
(187, 'Officiis modi itaque maiores.', 'Ut quasi autem temporibus delectus sit voluptatibus corrupti incidunt similique eos eaque odit dolorum reiciendis est quo sit natus soluta occaecati praesentium eveniet itaque sequi enim expedita explicabo qui omnis fugiat quam laudantium assumenda eos ut error ipsa placeat aliquam ut blanditiis asperiores non mollitia et quibusdam consequuntur excepturi qui.', 0, 30, 187, '2015-11-29 08:21:51', '2015-11-29 08:23:20'),
(188, 'Voluptatum ullam unde deserunt.', 'Suscipit voluptatum possimus quod sequi dolorum voluptas est totam qui quia atque nesciunt repellat est corporis ut qui nemo adipisci voluptas non et placeat beatae iste a ex aut maiores nostrum aspernatur sed voluptatem aut similique asperiores amet ratione cum ut nihil modi quam excepturi molestiae consequatur et nihil officia incidunt recusandae facere et quasi.', 0, 29, 188, '2015-11-29 08:21:51', '2015-11-29 08:23:20'),
(189, 'Nihil suscipit non.', 'Soluta voluptatibus iusto ea doloremque vel at nam temporibus et non quaerat placeat itaque voluptatum qui suscipit dolorem esse aut unde tenetur dolore deleniti quia ullam nulla maiores ipsam saepe beatae atque non consequatur odio veniam qui odit assumenda magnam vero fuga architecto distinctio perferendis autem maxime sapiente nesciunt in officiis accusantium quisquam.', 0, NULL, 189, '2015-11-29 08:21:51', '2015-11-29 08:21:51'),
(190, 'Dolorum aperiam.', 'Voluptatibus est officiis inventore et aperiam possimus aut nostrum sit fuga maxime non nam laudantium eos rem aliquam voluptatem qui accusantium quo eum provident maiores quas saepe eius veniam quod delectus fugiat magnam accusamus harum ducimus impedit minus officia nihil nihil sunt voluptas ad numquam in iusto similique architecto neque et.', 0, NULL, 190, '2015-11-29 08:21:51', '2015-11-29 08:21:51'),
(191, 'Velit voluptate.', 'Suscipit recusandae quae maiores quo et tempore in officiis adipisci magnam vitae quisquam eveniet velit voluptatem voluptatem non ducimus et aliquam non unde eum voluptas voluptatem est totam necessitatibus quis explicabo aut asperiores quasi quidem quaerat minus aspernatur ex omnis voluptate enim commodi id sequi laborum quod et autem illum eos eos rerum.', 0, NULL, 191, '2015-11-29 08:21:51', '2015-11-29 08:21:51'),
(192, 'Nam dignissimos quia optio.', 'Aut qui repudiandae quas ex cum pariatur odit a ut est rerum est dolor et hic consectetur dolores quibusdam natus eaque minima aut iste animi ullam dignissimos id quia eum adipisci et quia facilis recusandae odio dolor et assumenda cumque laborum expedita laudantium earum iusto tempore labore in enim et.', 0, 21, 192, '2015-11-29 08:21:52', '2015-11-29 08:23:19'),
(193, 'Rem.', 'Deleniti saepe rerum aut nemo quam consectetur quae quia impedit ab ipsa nihil ducimus dolores perspiciatis aut quod ut dolores ex vero molestiae sit error et quisquam ad aliquam nisi ipsum magni voluptate reprehenderit omnis cum et et dolorum quidem veritatis vel et magnam in dolor quibusdam rem reiciendis excepturi.', 0, 20, 193, '2015-11-29 08:21:52', '2015-11-29 08:23:19'),
(194, 'Dolor saepe et beatae suscipit occaecati.', 'Laudantium assumenda magni suscipit eligendi explicabo neque nihil quisquam aliquam rem ipsum voluptatem culpa quasi tempore omnis quas voluptatum voluptatem accusantium odit repellat omnis animi sequi amet iure modi temporibus corporis facere laborum doloremque ratione ut iusto voluptate et et quod rerum voluptas veritatis maiores ducimus quibusdam nostrum ullam aut recusandae.', 0, NULL, 194, '2015-11-29 08:21:52', '2015-11-29 08:21:52'),
(195, 'Delectus.', 'Quia rem exercitationem aut consequatur maiores qui omnis non voluptate animi ut consectetur voluptas aspernatur quo neque explicabo sed sit esse eum veniam eum itaque nobis optio tenetur aperiam hic qui et in quo eligendi aut iusto repellendus aliquam magnam voluptas vel sunt distinctio temporibus tempora sit earum corporis rerum.', 0, NULL, 195, '2015-11-29 08:21:52', '2015-11-29 08:21:52'),
(196, 'Perspiciatis architecto et eaque.', 'Ducimus reiciendis in aut rerum corrupti quaerat neque sunt maiores odio fugiat quae quia magnam consequatur laborum omnis tenetur et ipsa dignissimos iste amet at rem quod non voluptas voluptatem qui corporis saepe reprehenderit aut porro odit qui non recusandae fugit qui sunt voluptate in et ut a et quis repudiandae rerum officiis dolorum.', 0, NULL, 196, '2015-11-29 08:21:52', '2015-11-29 08:21:52'),
(197, 'A in illo error.', 'Rem provident ipsum et eveniet cumque qui debitis dignissimos libero est quia sed sequi labore quibusdam cum aut voluptatem autem quasi quisquam beatae veniam aut tenetur saepe corrupti suscipit commodi exercitationem nam omnis quas natus quis et doloribus rerum vel facere molestias explicabo blanditiis pariatur est sit qui voluptatum similique vero eligendi accusantium.', 0, 19, 197, '2015-11-29 08:21:52', '2015-11-29 08:23:19'),
(198, 'Blanditiis impedit iure quos.', 'Voluptatibus et optio culpa consequatur est et explicabo natus eos id eum est ratione sed quibusdam in ea ipsum et quidem recusandae nihil repudiandae ex sit necessitatibus illum labore dolore voluptatem sint nisi autem tempore eius nostrum ipsa facilis numquam sed occaecati quam laboriosam saepe quia et accusamus animi voluptatum et possimus harum.', 0, 23, 198, '2015-11-29 08:21:52', '2015-11-29 08:23:20'),
(199, 'Tempora.', 'Et incidunt ut voluptate dolorum deleniti officiis quia corrupti quo et quos cupiditate sed earum nulla eius sed repudiandae quia est maxime animi totam adipisci fugiat dolor quae quibusdam aut dolorem distinctio sint vel necessitatibus et ad eligendi dolores molestiae nesciunt qui nihil quis quod omnis non natus cumque neque ex voluptatem est.', 0, NULL, 199, '2015-11-29 08:21:52', '2015-11-29 08:21:52'),
(200, 'Sit.', 'Illum sequi doloribus hic quia fugiat quis pariatur dolores voluptatibus ipsum nihil harum earum esse minima est suscipit distinctio quae aut nulla qui et ipsam et ut odio quia est quod cumque ut perspiciatis sint ut deserunt dolor corrupti velit tenetur inventore qui in dolorem animi explicabo vitae id iste illo nemo.', 0, NULL, 200, '2015-11-29 08:21:52', '2015-11-29 08:21:52'),
(201, 'Quo commodi ut aut.', 'Vel in quis et consectetur soluta atque inventore et ad quia explicabo nesciunt esse perspiciatis corrupti dolore libero est eum asperiores sint doloremque et alias magni sequi nulla sunt unde vel quo deserunt rerum placeat rem quos exercitationem laboriosam perferendis incidunt reprehenderit velit ut qui excepturi in ullam delectus et voluptates.', 0, NULL, 201, '2015-11-29 08:21:52', '2015-11-29 08:21:52'),
(202, 'Et ipsum ut.', 'Corporis vel aut voluptatem non aperiam dignissimos porro occaecati ut quis eius beatae id harum sunt et est velit est voluptatibus ratione qui ad rerum qui asperiores mollitia nemo neque recusandae tempora facere quia nostrum ullam dolor molestiae non quo vitae error voluptate quisquam deleniti eos ea non a vero doloremque nesciunt sapiente possimus.', 0, 24, 202, '2015-11-29 08:21:52', '2015-11-29 08:23:20'),
(203, 'Necessitatibus qui nam.', 'Consequuntur aliquam voluptas tempore magni aut neque id laudantium libero facilis excepturi autem animi in hic eligendi debitis rem architecto velit quas est sint culpa ut consequatur voluptatem itaque unde non quam sed et eius eum recusandae quia nihil quia id numquam cumque molestiae eaque eum dolores ut fugiat voluptatem nisi aut.', 0, 22, 203, '2015-11-29 08:21:52', '2015-11-29 08:23:20'),
(204, 'Cum molestias.', 'Maiores in nobis tempore non aut consequatur voluptas delectus officiis voluptas nihil dolor suscipit consequatur ut officia sit sunt optio tenetur aut culpa vitae magni reprehenderit dolorem eum nesciunt labore porro enim quia mollitia ad sequi et vel et accusamus autem voluptas molestias est ipsam molestiae nihil explicabo pariatur quas.', 0, NULL, 204, '2015-11-29 08:21:52', '2015-11-29 08:21:52'),
(205, 'Consectetur.', 'Magnam qui sit culpa occaecati deserunt natus quia voluptas quas alias recusandae beatae necessitatibus odit dignissimos saepe rerum aut unde pariatur odio fuga sint enim ea rem quos ipsa et velit delectus exercitationem nemo aut explicabo magni vel facere deleniti dolorem ipsum ut dicta architecto molestias ut placeat voluptate quia officiis.', 0, NULL, 205, '2015-11-29 08:21:52', '2015-11-29 08:21:52'),
(206, 'Delectus odit aut.', 'Vitae accusamus rerum expedita ut et quasi dicta culpa dignissimos nihil ut aut quis corrupti dolor alias nulla quisquam aut laudantium tempore consectetur natus exercitationem et voluptatem mollitia nihil qui error harum et rerum facilis assumenda cumque quam dolorum enim est non est libero magni velit est sint aut rem consequatur illum.', 0, NULL, 206, '2015-11-29 08:21:52', '2015-11-29 08:21:52'),
(207, 'Et deleniti nemo.', 'Quia et corporis aliquam tenetur eos adipisci minima aperiam at expedita facere non nemo aspernatur eveniet odio unde nam ex nisi beatae soluta qui voluptatem veniam nobis ab sed deleniti non est iste rerum ipsum fuga natus veritatis nostrum quibusdam maxime esse et mollitia saepe a nulla ullam qui et animi.', 0, 15, 207, '2015-11-29 08:21:53', '2015-11-29 08:23:19'),
(208, 'Consequatur.', 'Molestiae soluta vel sed sapiente quam ratione nostrum harum fugiat et eaque debitis cupiditate officia at nam est provident omnis esse rerum voluptas a tempore corrupti aut laudantium inventore quis est voluptates reiciendis quod quia praesentium itaque voluptatibus sit aut dolor sit reprehenderit commodi ut tenetur aperiam dolorem eligendi nulla officiis tempora.', 0, 14, 208, '2015-11-29 08:21:53', '2015-11-29 08:23:19'),
(209, 'Ad corporis facere occaecati laboriosam.', 'Autem voluptate blanditiis eligendi animi voluptatem commodi qui doloribus non ut ut corrupti amet minus id itaque est optio et odit ea sequi neque excepturi enim culpa eaque qui repudiandae voluptatum omnis et autem velit nulla non inventore necessitatibus ex voluptatem laudantium sunt nam incidunt placeat voluptates perspiciatis et eos in possimus consequatur officiis.', 0, NULL, 209, '2015-11-29 08:21:53', '2015-11-29 08:21:53'),
(210, 'Id hic.', 'Dignissimos sit dolor magnam vitae inventore libero eos omnis quia rerum voluptatem impedit rerum temporibus quis corporis quidem dolorum est repellat aut voluptatibus et officiis aperiam assumenda sint velit recusandae voluptates sit minima consectetur voluptas eum vel eligendi suscipit quos omnis nemo earum eos aut odit ad voluptatem iusto ut autem quam.', 0, NULL, 210, '2015-11-29 08:21:53', '2015-11-29 08:21:53'),
(211, 'Autem quia.', 'Quam sint similique animi voluptatum ut necessitatibus beatae porro fugiat et illum ad qui quo id quia dolor aut recusandae voluptatibus perspiciatis ipsam quia nesciunt expedita eos exercitationem cupiditate est quae ut distinctio dolorum laborum rerum est voluptatem earum ut et voluptatem consequatur tempore veritatis omnis tenetur sint eos rerum consequuntur error et aut.', 0, NULL, 211, '2015-11-29 08:21:53', '2015-11-29 08:21:53'),
(212, 'Id distinctio tenetur voluptas iste.', 'Temporibus quam ut dolor quia sed mollitia vel ducimus ipsam neque voluptates iure perspiciatis et libero sint at corporis consequatur consequuntur ex eligendi debitis placeat culpa illum et sit dolorem soluta voluptatum eaque dolorum ut hic qui cum eum quidem rerum tempore non voluptatem reiciendis assumenda voluptatem eos harum dolorem distinctio facere fuga eos provident.', 0, 13, 212, '2015-11-29 08:21:53', '2015-11-29 08:23:19'),
(213, 'Esse tempora labore non et.', 'Commodi et est suscipit aut sunt ex et aliquam ut et aut cupiditate quis saepe voluptate et explicabo aut ratione neque voluptatem ipsa sint est similique qui fugit necessitatibus officia at velit laboriosam nihil ad accusamus et voluptas eos rerum laudantium eaque qui quia praesentium autem possimus incidunt vero eos.', 0, 16, 213, '2015-11-29 08:21:53', '2015-11-29 08:23:19'),
(214, 'Ut aspernatur.', 'In molestiae laudantium quidem deserunt odit accusantium sapiente architecto consequatur dolore possimus numquam quo qui qui et hic maxime ipsam facere voluptate omnis molestias aut sunt ea ipsa doloremque voluptatem consectetur sed et quia nihil consequuntur aut labore tempore eius ut fugiat officiis quia aut placeat rerum dicta necessitatibus occaecati deleniti voluptatem maiores.', 0, NULL, 214, '2015-11-29 08:21:53', '2015-11-29 08:21:53'),
(215, 'Necessitatibus error ipsa neque facilis.', 'Facilis consequatur corporis omnis qui pariatur quasi fuga doloribus qui nostrum excepturi qui cupiditate et voluptates alias iste aut sapiente fugit ipsa odit ea eaque vel dolores laborum enim et mollitia sed id voluptas ut nulla est qui dolor id deserunt molestias est sit error dolorem assumenda nihil harum animi omnis quisquam dolore facere provident.', 0, NULL, 215, '2015-11-29 08:21:53', '2015-11-29 08:21:53'),
(216, 'Unde dolores deleniti.', 'Quam est repellat nulla autem sed dolor id explicabo molestiae molestias sapiente et et quasi accusamus delectus aut voluptate mollitia architecto iusto aliquid sequi fuga qui voluptas ea numquam qui id velit consequatur debitis et perferendis dolorum eveniet harum dolore doloribus rerum corporis culpa sit nobis tenetur ut ratione dolorem sint unde dicta aut.', 0, NULL, 216, '2015-11-29 08:21:53', '2015-11-29 08:21:53'),
(217, 'Autem nostrum velit.', 'Quia labore nihil enim dolorem officia dicta optio voluptate est voluptatibus molestiae et est quo architecto nihil et fugit et modi ut dolorum eveniet incidunt recusandae iure enim quia facilis officiis consequuntur iste dolores exercitationem cumque reprehenderit sapiente aspernatur magni ut saepe ipsum numquam sit in eaque omnis fugiat odio vel nisi.', 0, 18, 217, '2015-11-29 08:21:53', '2015-11-29 08:23:19'),
(218, 'Quaerat ut a voluptatem.', 'Enim dolores minima impedit sunt molestias dignissimos quis corrupti voluptatum cum odio explicabo facere enim omnis beatae aliquam vel consectetur voluptates non ut voluptatem est deserunt qui ex voluptas et velit et voluptas quaerat perferendis accusamus rerum fuga et delectus sit doloribus illo sit atque consequatur aut omnis id optio culpa doloremque.', 0, 17, 218, '2015-11-29 08:21:53', '2015-11-29 08:23:19'),
(219, 'Soluta quod ipsum eum.', 'Consequatur nihil sint voluptates quibusdam voluptas minus quam quod repellendus sed rerum consequatur voluptatem voluptatum esse eligendi reiciendis odit vitae molestiae eaque neque consectetur quas accusamus mollitia laboriosam quasi sed dolor omnis vero porro ratione illo asperiores dicta ad consequuntur vel pariatur in totam eveniet at ut fugiat qui quisquam.', 0, NULL, 219, '2015-11-29 08:21:53', '2015-11-29 08:21:53');
INSERT INTO `services` (`id`, `title`, `description`, `cost`, `service_arrangement_id`, `service_request_id`, `created_at`, `updated_at`) VALUES
(220, 'Non labore rem.', 'Nesciunt a modi possimus sunt omnis hic fuga omnis dolorem quis sed labore non laudantium consequatur nihil optio autem sit minima neque fugit molestiae et id autem repellendus id rerum at dignissimos voluptas eius sequi tempora qui magnam non deleniti veritatis beatae accusantium doloribus atque et odio tenetur aut sapiente.', 0, NULL, 220, '2015-11-29 08:21:53', '2015-11-29 08:21:53'),
(221, 'Esse.', 'Impedit accusamus quos fuga quidem consequuntur et magnam quia provident omnis adipisci quas sunt numquam et tempore velit corrupti voluptates exercitationem ipsa quisquam voluptatibus enim est eligendi similique ut vitae assumenda repudiandae ad et esse excepturi laboriosam omnis mollitia corporis laudantium facere voluptas ut est eveniet delectus maxime eaque sit consequatur cumque quia.', 0, NULL, 221, '2015-11-29 08:21:53', '2015-11-29 08:21:53'),
(222, 'Est a autem provident qui ea.', 'Deserunt sit culpa voluptatem est ratione quod aspernatur id cumque error et rerum enim eaque in consectetur harum voluptates aut quis et facere ut a asperiores dignissimos rerum nesciunt assumenda sed voluptatum atque corporis omnis rem aliquid quia incidunt modi reiciendis laborum odit est quibusdam in ut hic labore fugit voluptatem at.', 0, 8, 222, '2015-11-29 08:21:54', '2015-11-29 08:23:18'),
(223, 'Sunt ullam non at ex.', 'Earum molestias minima voluptates dolorem sit velit tempore beatae sint suscipit maxime aspernatur corporis perspiciatis quos numquam non eius sunt eveniet minus excepturi animi aperiam fugit a omnis magnam reprehenderit modi facilis cumque nisi neque quisquam voluptatem accusamus doloremque reiciendis quo dignissimos vitae dolor nihil et voluptatum eos laboriosam ullam libero.', 0, 7, 223, '2015-11-29 08:21:54', '2015-11-29 08:23:18'),
(224, 'Voluptate voluptas quis.', 'Tenetur aut laboriosam nobis laborum voluptatem ut tempore enim amet voluptatem sapiente omnis atque voluptatem ratione est incidunt maiores error dicta delectus dolor deleniti voluptatem hic dolore veritatis placeat aut natus eos perferendis fugit et nesciunt eius minima accusamus iure quae eaque aut non ea quis modi beatae harum distinctio.', 0, NULL, 224, '2015-11-29 08:21:54', '2015-11-29 08:21:54'),
(225, 'Aliquid alias est autem.', 'Reprehenderit ullam sunt excepturi corrupti esse et molestiae quo non consequuntur pariatur accusamus velit aut ut eum exercitationem animi officia laudantium rerum sit asperiores perferendis ipsam ducimus consequatur itaque hic recusandae nam in culpa sint voluptatem aut illum ut magnam possimus deserunt maxime quo omnis repudiandae similique id ut ab veniam rerum est.', 0, NULL, 225, '2015-11-29 08:21:54', '2015-11-29 08:21:54'),
(226, 'Voluptatum fugit.', 'Incidunt deleniti maxime harum maiores qui quia et consectetur vel enim ab vel mollitia ducimus ullam non sit facilis tempore libero nobis ut ex rerum temporibus dolorum sit minima et eius est quibusdam qui itaque nostrum suscipit perferendis sed et quam natus fugiat ut ad iste voluptatum earum eum non omnis.', 0, NULL, 226, '2015-11-29 08:21:54', '2015-11-29 08:21:54'),
(227, 'Est cupiditate at.', 'Enim et esse earum fugiat dolor fuga mollitia quam rerum perferendis optio temporibus ipsam necessitatibus aut est ut ut voluptatem eum provident impedit id sed quos porro quo et voluptatem neque at et laboriosam ipsa fugit tenetur ab quidem alias cupiditate totam iure quo cum nemo praesentium repellat quis exercitationem.', 0, 6, 227, '2015-11-29 08:21:54', '2015-11-29 08:23:18'),
(228, 'Explicabo minima rerum commodi pariatur ullam.', 'Magni consequatur quia ut debitis impedit omnis in hic aut fugit qui totam harum soluta excepturi distinctio recusandae eligendi voluptatem vero repudiandae modi ipsam velit deserunt consequatur doloribus rerum nesciunt est quis corporis dolore at sunt sit nostrum enim omnis asperiores amet quia sed vel odit perspiciatis incidunt illum quae quisquam labore natus qui.', 0, 5, 228, '2015-11-29 08:21:54', '2015-11-29 08:23:18'),
(229, 'Illum natus aliquid fuga.', 'Voluptatem quis error optio est harum fugit minus quis facilis et et consectetur sapiente sequi molestiae iste labore aut ipsam facere ratione aut enim animi id totam ad placeat quos tempora repudiandae quisquam numquam deleniti odit rem eveniet praesentium aut necessitatibus sint nisi quae non veniam quia velit recusandae minima blanditiis non quidem.', 0, NULL, 229, '2015-11-29 08:21:54', '2015-11-29 08:21:54'),
(230, 'Consequuntur praesentium nostrum.', 'Consequatur earum eaque maxime vel molestias ullam quia quos ducimus fuga doloribus iure omnis eum ad voluptatum aperiam eveniet delectus optio ipsa dolorem non rerum laudantium laborum alias perferendis aut occaecati sapiente sit ut modi autem repellendus rerum sed aut praesentium reprehenderit et doloremque autem itaque ea porro necessitatibus omnis est.', 0, NULL, 230, '2015-11-29 08:21:54', '2015-11-29 08:21:54'),
(231, 'Minima consequatur culpa placeat.', 'Dolor autem quo laudantium blanditiis eveniet sed animi sint praesentium vero omnis expedita ut recusandae error et tempora sunt veritatis accusamus tempore commodi quisquam natus nihil dolores harum consequatur rerum laboriosam dolor ad numquam aspernatur excepturi deserunt cum consectetur dolore asperiores voluptates eius amet in soluta aut ut id dignissimos qui modi et fuga.', 0, NULL, 231, '2015-11-29 08:21:54', '2015-11-29 08:21:54'),
(232, 'Quos reprehenderit.', 'Quaerat molestias debitis eum nam maiores quasi praesentium dolor itaque nisi dolor id quam consectetur nesciunt doloribus ut reiciendis numquam reprehenderit voluptatibus officia eum explicabo voluptatem blanditiis tenetur minima unde culpa omnis suscipit laboriosam illum voluptates consequatur aut molestiae nostrum est est nobis tempore hic sed est dicta voluptate mollitia facere iste alias sunt est.', 0, 12, 232, '2015-11-29 08:21:54', '2015-11-29 08:23:19'),
(233, 'Qui accusamus consequatur.', 'Deserunt incidunt error ipsum aliquam sint nulla beatae tenetur eius libero maxime et voluptate velit est ut reprehenderit nesciunt est corporis amet ratione qui illo ab in non non minima necessitatibus harum enim fugit ea cupiditate eaque nisi voluptas cumque esse voluptatem neque quos assumenda mollitia quo corrupti eveniet aspernatur.', 0, 11, 233, '2015-11-29 08:21:54', '2015-11-29 08:23:19'),
(234, 'Molestiae quam.', 'Atque totam eveniet corrupti in ea unde temporibus autem quae aut voluptatem nemo ab enim veritatis velit eos necessitatibus nihil quaerat pariatur nihil est eum dolorum quo nam distinctio odio facilis optio iure laborum ex nesciunt dolorem rem consequatur qui corporis aspernatur dolorem esse labore doloremque sed est eaque dignissimos voluptatem ad consequatur consequuntur.', 0, NULL, 234, '2015-11-29 08:21:54', '2015-11-29 08:21:54'),
(235, 'Doloremque.', 'Voluptas eos deserunt sed ducimus omnis ipsum blanditiis molestiae dolorum sed alias inventore quibusdam recusandae dolorem labore nam omnis quisquam amet vel incidunt fugit saepe voluptatem atque animi sunt natus quasi quam sed autem consequatur enim et quos itaque ea sequi repellat repudiandae voluptatibus corrupti dolorem eius eum corporis nemo libero.', 0, NULL, 235, '2015-11-29 08:21:54', '2015-11-29 08:21:54'),
(236, 'Labore mollitia non repellendus quos.', 'Velit ut expedita repellat nihil sed vel quisquam ea consequatur et voluptas aut quia ullam non commodi quibusdam vitae fugit rem incidunt aspernatur voluptatem quaerat harum voluptas explicabo ipsa nobis est ad tempore quam tenetur dolores occaecati porro sed temporibus id dolor asperiores et fugiat omnis fuga ut non soluta in.', 0, NULL, 236, '2015-11-29 08:21:54', '2015-11-29 08:21:54'),
(237, 'Dolore sit inventore laboriosam.', 'In harum quaerat et maxime quod unde qui ut rerum consequatur aut error magnam consequuntur praesentium cupiditate beatae molestiae eligendi illo voluptatem asperiores quam et voluptatem minus excepturi consequatur iusto cumque esse ut quas reiciendis laboriosam est soluta dolore similique natus quo sunt dolorum aliquid suscipit voluptas consectetur iste itaque eaque vero.', 0, 10, 237, '2015-11-29 08:21:54', '2015-11-29 08:23:18'),
(238, 'Ducimus et velit voluptatum.', 'At modi impedit nam ut dolores quos id aut minima distinctio eum adipisci ut qui consectetur sint iusto est repudiandae voluptas quisquam deleniti rem vel porro soluta eos nulla similique quo officia quo asperiores rerum minus magnam sapiente laborum deserunt corporis sed consequatur totam aliquam maiores autem dignissimos et alias temporibus autem aut.', 0, 9, 238, '2015-11-29 08:21:54', '2015-11-29 08:23:18'),
(239, 'Rerum animi.', 'Non dolorem blanditiis nihil aperiam sint voluptatibus amet nesciunt aut ipsum est quo cumque ut consectetur qui unde atque fugiat enim odio saepe ex deserunt error ea voluptatem et dolorem eos et aut praesentium nulla expedita voluptatem aliquam enim veniam vitae magni dolores quis accusantium dolores dolor non nostrum repellendus rerum quidem accusamus vero quam.', 0, NULL, 239, '2015-11-29 08:21:54', '2015-11-29 08:21:54'),
(240, 'Est asperiores veritatis laboriosam adipisci.', 'Est inventore nihil quia et laboriosam dolor et quaerat error in sunt soluta rerum et hic ut qui sequi aut nam omnis quisquam velit quasi eum ut nisi harum consequatur magni corporis animi numquam doloremque adipisci sint a cum mollitia ab ut ut qui dolor eos unde natus delectus repellendus.', 0, NULL, 240, '2015-11-29 08:21:55', '2015-11-29 08:21:55'),
(241, 'Inventore mollitia eos libero saepe qui.', 'Nihil minus eaque aspernatur eos deleniti accusantium quo accusamus rerum alias nisi quas maxime eveniet sed expedita cum fugit autem soluta sunt voluptatem rem qui facilis ut aut earum quos officiis ipsa quaerat error est consequatur delectus esse natus quis ea eius quia officia non dolores provident quibusdam illo quo placeat nam unde est.', 0, NULL, 241, '2015-11-29 08:21:55', '2015-11-29 08:21:55'),
(242, 'Sint atque voluptatem.', 'Fugit quis illo ducimus cupiditate enim quisquam neque placeat rerum eveniet earum necessitatibus qui est qui aut molestiae et quasi voluptas quae natus amet expedita veniam dolorem ipsa voluptatem ut sed quia et porro reprehenderit soluta dolorum nesciunt accusantium et distinctio unde perspiciatis eius dolores repudiandae est minus molestias optio nihil omnis et quia commodi.', 0, 1, 242, '2015-11-29 08:21:55', '2015-11-29 08:23:18'),
(243, 'Fugit ullam amet reprehenderit quo ipsum.', 'Aperiam voluptatem velit sed beatae impedit ipsum voluptatem omnis velit voluptate qui nobis modi aliquid libero autem sit rerum perferendis animi voluptas rerum error et cupiditate fuga assumenda nostrum vero praesentium officiis tempora omnis quo magnam a expedita pariatur reprehenderit voluptatem eos officia et qui qui eligendi dolorem autem nam quia odit neque vitae et.', 0, 2, 243, '2015-11-29 08:21:55', '2015-11-29 08:23:18'),
(244, 'Voluptatem autem voluptatem sequi.', 'Tempore consequatur autem aliquid sunt aut voluptatum et nihil qui facere perspiciatis nihil illo non cumque aut in et iure eum velit natus deleniti voluptas veniam a nulla laboriosam facilis dignissimos ad exercitationem soluta nisi itaque omnis esse ut debitis rerum qui consectetur sapiente blanditiis ut voluptatem rem qui autem alias aut vitae dolore molestiae.', 0, NULL, 244, '2015-11-29 08:21:55', '2015-11-29 08:21:55'),
(245, 'Consequatur ut perferendis.', 'Commodi ipsum necessitatibus ullam perspiciatis minus delectus deserunt distinctio et ex mollitia odio iusto omnis nostrum est sit qui dolores qui architecto dicta aut nam molestiae ab sed impedit ut maxime aut aut nobis ea et aspernatur veniam dolorem magnam placeat voluptas doloribus vel cum explicabo culpa pariatur tempora est provident voluptatibus officiis ipsam illo.', 0, NULL, 245, '2015-11-29 08:21:55', '2015-11-29 08:21:55'),
(246, 'Quisquam rerum.', 'Debitis cupiditate dolores maxime in atque laboriosam eaque sapiente aut mollitia sint necessitatibus quisquam a rerum ea corporis recusandae expedita amet qui illo magni est quis maiores iste iure et minus vero eum asperiores et enim corrupti est nihil vitae fugit placeat vel quo nostrum voluptate qui deleniti non perspiciatis consequatur.', 0, NULL, 246, '2015-11-29 08:21:55', '2015-11-29 08:21:55'),
(247, 'Mollitia.', 'Culpa ipsam labore nihil quisquam esse quo officiis exercitationem consequatur accusantium non in ut fuga atque quis iste magnam cumque provident illum dolor eligendi cupiditate illo est distinctio eius ipsum dolore reiciendis fugiat minus qui molestias autem nulla reprehenderit id laborum animi recusandae asperiores quam voluptas itaque commodi sed a tempora molestiae autem saepe odit.', 0, 3, 247, '2015-11-29 08:21:55', '2015-11-29 08:23:18'),
(248, 'Deleniti sint architecto officia et tenetur.', 'Quia adipisci dolore expedita sed non perferendis optio officiis corporis aut voluptate qui fugit officia unde possimus quas praesentium facilis illum consectetur quasi omnis dicta qui voluptas est sed sit qui tempore quidem odio ad sit cumque laudantium saepe aut nobis voluptatem molestias repudiandae omnis nemo et voluptates enim perspiciatis eveniet.', 0, 4, 248, '2015-11-29 08:21:55', '2015-11-29 08:23:18'),
(249, 'Occaecati.', 'Minima commodi ad dolorem reprehenderit nobis dicta consequuntur et voluptatem nihil ut magnam dolorem perferendis in ullam suscipit sequi aut fugiat quis ut dolore minus aut quo nemo et eos corrupti omnis omnis ut saepe occaecati iste nam officiis dolorum ipsa impedit cumque quidem exercitationem id distinctio alias beatae aperiam et qui omnis atque.', 0, NULL, 249, '2015-11-29 08:21:55', '2015-11-29 08:21:55'),
(250, 'Architecto.', 'Repellendus illum minus quaerat voluptatem et nihil omnis iste accusamus id aut rerum reiciendis dolores repudiandae quia culpa non laudantium officia adipisci provident blanditiis nulla non aut recusandae ducimus deleniti inventore laborum vel et aliquam magnam qui ex tempore sunt asperiores earum voluptas delectus ut in laboriosam qui odio rerum ab.', 0, NULL, 250, '2015-11-29 08:21:55', '2015-11-29 08:21:55'),
(251, 'Testing', 'Testing my new ap niggas', 20, NULL, 251, '2015-11-29 19:24:24', '2015-11-29 19:24:24'),
(252, 'Nuevo Test', 'Más test dude', 20, NULL, 252, '2015-11-29 19:45:28', '2015-11-29 19:45:28'),
(253, 'Nuevo Test', 'Más test dude', 20, 101, 252, '2015-11-29 23:17:56', '2015-11-29 23:17:56'),
(254, 'Nuevo Test', 'Más test dude', 20, 102, 252, '2015-11-29 23:21:23', '2015-11-29 23:21:23'),
(255, 'Hacer mi tarea sql', 'Hacer todo mi proyecto de SQL Bitches', 20, NULL, 253, '2015-11-29 23:42:22', '2015-11-29 23:42:22'),
(256, 'Hacer mi tarea sql', 'Hacer todo mi proyecto de SQL Bitches', 20, 103, 253, '2015-11-29 23:46:31', '2015-11-29 23:46:31'),
(257, 'Hacer mi tarea sql', 'Hacer todo mi proyecto de SQL Bitches', 20, 104, 253, '2015-11-29 23:46:48', '2015-11-29 23:46:48'),
(258, 'Shusha', 'Ladrona', 300, NULL, 254, '2015-11-30 00:13:51', '2015-11-30 00:13:51'),
(259, 'Shusha', 'Ladrona', 300, 105, 254, '2015-11-30 00:14:21', '2015-11-30 00:14:21'),
(260, 'Prueba sql', 'lorem ipsum', 20, NULL, 255, '2015-12-10 00:18:12', '2015-12-10 00:18:12'),
(261, 'Prueba sql', 'lorem ipsum', 20, 106, 255, '2015-12-10 00:38:16', '2015-12-10 00:38:16');

-- --------------------------------------------------------

--
-- Estructura de tabla para la tabla `services_tags`
--

CREATE TABLE IF NOT EXISTS `services_tags` (
  `id` int(11) NOT NULL AUTO_INCREMENT,
  `tag_id` int(11) DEFAULT NULL,
  `service_id` int(11) DEFAULT NULL,
  PRIMARY KEY (`id`),
  KEY `index_services_tags_on_service_id` (`service_id`) USING BTREE,
  KEY `index_services_tags_on_tag_id` (`tag_id`) USING BTREE
) ENGINE=InnoDB  DEFAULT CHARSET=utf8 COLLATE=utf8_unicode_ci AUTO_INCREMENT=259 ;

--
-- Volcado de datos para la tabla `services_tags`
--

INSERT INTO `services_tags` (`id`, `tag_id`, `service_id`) VALUES
(1, 3, 1),
(2, 1, 2),
(3, 2, 3),
(4, 1, 4),
(5, 4, 5),
(6, 3, 6),
(7, 2, 7),
(8, 5, 8),
(9, 1, 9),
(10, 3, 10),
(11, 6, 11),
(12, 3, 12),
(13, 1, 13),
(14, 1, 14),
(15, 5, 15),
(16, 6, 16),
(17, 4, 17),
(18, 6, 18),
(19, 6, 19),
(20, 1, 20),
(21, 6, 21),
(22, 3, 22),
(23, 5, 23),
(24, 1, 24),
(25, 5, 25),
(26, 2, 26),
(27, 6, 27),
(28, 2, 28),
(29, 4, 29),
(30, 6, 30),
(31, 2, 31),
(32, 2, 32),
(33, 3, 33),
(34, 2, 34),
(35, 6, 35),
(36, 1, 36),
(37, 1, 37),
(38, 1, 38),
(39, 1, 39),
(40, 1, 40),
(41, 1, 41),
(42, 6, 42),
(43, 6, 43),
(44, 2, 44),
(45, 4, 45),
(46, 5, 46),
(47, 2, 47),
(48, 2, 48),
(49, 1, 49),
(50, 4, 50),
(51, 1, 51),
(52, 4, 52),
(53, 1, 53),
(54, 5, 54),
(55, 4, 55),
(56, 1, 56),
(57, 6, 57),
(58, 6, 58),
(59, 1, 59),
(60, 2, 60),
(61, 1, 61),
(62, 5, 62),
(63, 3, 63),
(64, 1, 64),
(65, 6, 65),
(66, 2, 66),
(67, 4, 67),
(68, 3, 68),
(69, 1, 69),
(70, 2, 70),
(71, 3, 71),
(72, 1, 72),
(73, 6, 73),
(74, 2, 74),
(75, 2, 75),
(76, 5, 76),
(77, 6, 77),
(78, 4, 78),
(79, 6, 79),
(80, 2, 80),
(81, 1, 81),
(82, 4, 82),
(83, 5, 83),
(84, 1, 84),
(85, 6, 85),
(86, 2, 86),
(87, 2, 87),
(88, 4, 88),
(89, 6, 89),
(90, 2, 90),
(91, 3, 91),
(92, 1, 92),
(93, 1, 93),
(94, 5, 94),
(95, 2, 95),
(96, 4, 96),
(97, 6, 97),
(98, 2, 98),
(99, 4, 99),
(100, 1, 100),
(101, 3, 101),
(102, 5, 102),
(103, 6, 103),
(104, 2, 104),
(105, 5, 105),
(106, 1, 106),
(107, 6, 107),
(108, 2, 108),
(109, 2, 109),
(110, 3, 110),
(111, 4, 111),
(112, 4, 112),
(113, 6, 113),
(114, 1, 114),
(115, 5, 115),
(116, 4, 116),
(117, 1, 117),
(118, 2, 118),
(119, 6, 119),
(120, 6, 120),
(121, 2, 121),
(122, 3, 122),
(123, 1, 123),
(124, 2, 124),
(125, 5, 125),
(126, 2, 126),
(127, 6, 127),
(128, 5, 128),
(129, 4, 129),
(130, 2, 130),
(131, 4, 131),
(132, 2, 132),
(133, 4, 133),
(134, 5, 134),
(135, 4, 135),
(136, 1, 136),
(137, 4, 137),
(138, 4, 138),
(139, 5, 139),
(140, 1, 140),
(141, 3, 141),
(142, 1, 142),
(143, 6, 143),
(144, 5, 144),
(145, 5, 145),
(146, 5, 146),
(147, 5, 147),
(148, 5, 148),
(149, 5, 149),
(150, 6, 150),
(151, 4, 151),
(152, 3, 152),
(153, 2, 153),
(154, 4, 154),
(155, 4, 155),
(156, 4, 156),
(157, 4, 157),
(158, 5, 158),
(159, 2, 159),
(160, 5, 160),
(161, 6, 161),
(162, 1, 162),
(163, 3, 163),
(164, 6, 164),
(165, 2, 165),
(166, 1, 166),
(167, 6, 167),
(168, 5, 168),
(169, 6, 169),
(170, 4, 170),
(171, 2, 171),
(172, 2, 172),
(173, 1, 173),
(174, 5, 174),
(175, 4, 175),
(176, 6, 176),
(177, 1, 177),
(178, 5, 178),
(179, 6, 179),
(180, 1, 180),
(181, 1, 181),
(182, 4, 182),
(183, 1, 183),
(184, 4, 184),
(185, 5, 185),
(186, 4, 186),
(187, 1, 187),
(188, 1, 188),
(189, 5, 189),
(190, 4, 190),
(191, 2, 191),
(192, 4, 192),
(193, 3, 193),
(194, 6, 194),
(195, 6, 195),
(196, 4, 196),
(197, 2, 197),
(198, 2, 198),
(199, 5, 199),
(200, 4, 200),
(201, 2, 201),
(202, 3, 202),
(203, 1, 203),
(204, 3, 204),
(205, 3, 205),
(206, 6, 206),
(207, 1, 207),
(208, 1, 208),
(209, 6, 209),
(210, 3, 210),
(211, 1, 211),
(212, 1, 212),
(213, 5, 213),
(214, 4, 214),
(215, 1, 215),
(216, 1, 216),
(217, 6, 217),
(218, 3, 218),
(219, 4, 219),
(220, 1, 220),
(221, 4, 221),
(222, 4, 222),
(223, 2, 223),
(224, 6, 224),
(225, 6, 225),
(226, 5, 226),
(227, 3, 227),
(228, 3, 228),
(229, 1, 229),
(230, 1, 230),
(231, 6, 231),
(232, 4, 232),
(233, 5, 233),
(234, 3, 234),
(235, 3, 235),
(236, 6, 236),
(237, 1, 237),
(238, 5, 238),
(239, 6, 239),
(240, 1, 240),
(241, 4, 241),
(242, 3, 242),
(243, 3, 243),
(244, 5, 244),
(245, 2, 245),
(246, 1, 246),
(247, 1, 247),
(248, 6, 248),
(249, 6, 249),
(250, 5, 250),
(251, 1, 252),
(252, 2, 252),
(253, 3, 252),
(254, 4, 255),
(255, 5, 255),
(256, 6, 255),
(257, 3, 258),
(258, 1, 260);

-- --------------------------------------------------------

--
-- Estructura de tabla para la tabla `service_arrangements`
--

CREATE TABLE IF NOT EXISTS `service_arrangements` (
  `id` int(11) NOT NULL AUTO_INCREMENT,
  `start_date` date DEFAULT NULL,
  `end_date` date DEFAULT NULL,
  `client_id` int(11) DEFAULT NULL,
  `server_id` int(11) DEFAULT NULL,
  `completed` tinyint(1) DEFAULT '0',
  `created_at` datetime DEFAULT NULL,
  `updated_at` datetime DEFAULT NULL,
  `offer_id` int(11) DEFAULT NULL,
  `canceled` tinyint(1) DEFAULT '0',
  PRIMARY KEY (`id`),
  KEY `index_service_arrangements_on_client_id` (`client_id`) USING BTREE,
  KEY `index_service_arrangements_on_offer_id` (`offer_id`) USING BTREE,
  KEY `index_service_arrangements_on_server_id` (`server_id`) USING BTREE
) ENGINE=InnoDB  DEFAULT CHARSET=utf8 COLLATE=utf8_unicode_ci AUTO_INCREMENT=107 ;

--
-- Volcado de datos para la tabla `service_arrangements`
--

INSERT INTO `service_arrangements` (`id`, `start_date`, `end_date`, `client_id`, `server_id`, `completed`, `created_at`, `updated_at`, `offer_id`, `canceled`) VALUES
(1, '2015-12-06', '2015-12-13', 49, 46, 0, '2015-11-29 08:23:18', '2015-11-29 08:23:18', 16, 0),
(2, '2015-12-06', '2015-12-13', 49, 43, 1, '2015-11-29 08:23:18', '2015-11-29 08:23:18', 21, 0),
(3, '2015-12-06', '2015-12-13', 50, 14, 0, '2015-11-29 08:23:18', '2015-11-29 08:23:18', 41, 0),
(4, '2015-12-06', '2015-12-13', 50, 8, 1, '2015-11-29 08:23:18', '2015-11-29 08:23:18', 46, 0),
(5, '2015-12-06', '2015-12-13', 46, 23, 0, '2015-11-29 08:23:18', '2015-11-29 08:23:18', 61, 0),
(6, '2015-12-06', '2015-12-13', 46, 36, 1, '2015-11-29 08:23:18', '2015-11-29 08:23:18', 66, 0),
(7, '2015-12-06', '2015-12-13', 45, 19, 0, '2015-11-29 08:23:18', '2015-11-29 08:23:18', 86, 0),
(8, '2015-12-06', '2015-12-13', 45, 16, 1, '2015-11-29 08:23:18', '2015-11-29 08:23:18', 91, 0),
(9, '2015-12-06', '2015-12-13', 48, 39, 0, '2015-11-29 08:23:18', '2015-11-29 08:23:18', 111, 0),
(10, '2015-12-06', '2015-12-13', 48, 27, 1, '2015-11-29 08:23:18', '2015-11-29 08:23:18', 116, 0),
(11, '2015-12-06', '2015-12-13', 47, 17, 0, '2015-11-29 08:23:19', '2015-11-29 08:23:19', 136, 0),
(12, '2015-12-06', '2015-12-13', 47, 5, 1, '2015-11-29 08:23:19', '2015-11-29 08:23:19', 141, 0),
(13, '2015-12-06', '2015-12-13', 43, 2, 0, '2015-11-29 08:23:19', '2015-11-29 08:23:19', 146, 0),
(14, '2015-12-06', '2015-12-13', 42, 42, 1, '2015-11-29 08:23:19', '2015-11-29 08:23:19', 166, 0),
(15, '2015-12-06', '2015-12-13', 42, 1, 0, '2015-11-29 08:23:19', '2015-11-29 08:23:19', 171, 0),
(16, '2015-12-06', '2015-12-13', 43, 27, 1, '2015-11-29 08:23:19', '2015-11-29 08:23:19', 176, 0),
(17, '2015-12-06', '2015-12-13', 44, 18, 0, '2015-11-29 08:23:19', '2015-11-29 08:23:19', 206, 0),
(18, '2015-12-06', '2015-12-13', 44, 42, 1, '2015-11-29 08:23:19', '2015-11-29 08:23:19', 211, 0),
(19, '2015-12-06', '2015-12-13', 40, 3, 0, '2015-11-29 08:23:19', '2015-11-29 08:23:19', 231, 0),
(20, '2015-12-06', '2015-12-13', 39, 2, 1, '2015-11-29 08:23:19', '2015-11-29 08:23:19', 241, 0),
(21, '2015-12-06', '2015-12-13', 39, 40, 0, '2015-11-29 08:23:19', '2015-11-29 08:23:19', 246, 0),
(22, '2015-12-06', '2015-12-13', 41, 19, 1, '2015-11-29 08:23:20', '2015-11-29 08:23:20', 251, 0),
(23, '2015-12-06', '2015-12-13', 40, 48, 0, '2015-11-29 08:23:20', '2015-11-29 08:23:20', 256, 0),
(24, '2015-12-06', '2015-12-13', 41, 18, 1, '2015-11-29 08:23:20', '2015-11-29 08:23:20', 281, 0),
(25, '2015-12-06', '2015-12-13', 36, 27, 0, '2015-11-29 08:23:20', '2015-11-29 08:23:20', 311, 0),
(26, '2015-12-06', '2015-12-13', 36, 14, 1, '2015-11-29 08:23:20', '2015-11-29 08:23:20', 316, 0),
(27, '2015-12-06', '2015-12-13', 37, 1, 0, '2015-11-29 08:23:20', '2015-11-29 08:23:20', 336, 0),
(28, '2015-12-06', '2015-12-13', 37, 8, 1, '2015-11-29 08:23:20', '2015-11-29 08:23:20', 341, 0),
(29, '2015-12-06', '2015-12-13', 38, 39, 0, '2015-11-29 08:23:20', '2015-11-29 08:23:20', 361, 0),
(30, '2015-12-06', '2015-12-13', 38, 43, 1, '2015-11-29 08:23:20', '2015-11-29 08:23:21', 366, 0),
(31, '2015-12-06', '2015-12-13', 33, 13, 0, '2015-11-29 08:23:21', '2015-11-29 08:23:21', 391, 0),
(32, '2015-12-06', '2015-12-13', 33, 14, 1, '2015-11-29 08:23:21', '2015-11-29 08:23:21', 396, 0),
(33, '2015-12-06', '2015-12-13', 34, 49, 0, '2015-11-29 08:23:21', '2015-11-29 08:23:21', 426, 0),
(34, '2015-12-06', '2015-12-13', 35, 40, 1, '2015-11-29 08:23:21', '2015-11-29 08:23:21', 431, 0),
(35, '2015-12-06', '2015-12-13', 35, 28, 0, '2015-11-29 08:23:21', '2015-11-29 08:23:21', 436, 0),
(36, '2015-12-06', '2015-12-13', 34, 19, 1, '2015-11-29 08:23:21', '2015-11-29 08:23:21', 456, 0),
(37, '2015-12-06', '2015-12-13', 31, 34, 0, '2015-11-29 08:23:21', '2015-11-29 08:23:21', 466, 0),
(38, '2015-12-06', '2015-12-13', 31, 5, 1, '2015-11-29 08:23:21', '2015-11-29 08:23:21', 471, 0),
(39, '2015-12-06', '2015-12-13', 32, 32, 0, '2015-11-29 08:23:21', '2015-11-29 08:23:21', 486, 0),
(40, '2015-12-06', '2015-12-13', 32, 36, 1, '2015-11-29 08:23:22', '2015-11-29 08:23:22', 496, 0),
(41, '2015-12-06', '2015-12-13', 28, 14, 0, '2015-11-29 08:23:22', '2015-11-29 08:23:22', 516, 0),
(42, '2015-12-06', '2015-12-13', 28, 22, 1, '2015-11-29 08:23:22', '2015-11-29 08:23:22', 521, 0),
(43, '2015-12-06', '2015-12-13', 29, 44, 0, '2015-11-29 08:23:22', '2015-11-29 08:23:22', 536, 0),
(44, '2015-12-06', '2015-12-13', 29, 25, 1, '2015-11-29 08:23:22', '2015-11-29 08:23:22', 541, 0),
(45, '2015-12-06', '2015-12-13', 30, 8, 0, '2015-11-29 08:23:22', '2015-11-29 08:23:22', 556, 0),
(46, '2015-12-06', '2015-12-13', 30, 45, 1, '2015-11-29 08:23:22', '2015-11-29 08:23:22', 561, 0),
(47, '2015-12-06', '2015-12-13', 26, 47, 0, '2015-11-29 08:23:22', '2015-11-29 08:23:22', 581, 0),
(48, '2015-12-06', '2015-12-13', 26, 15, 1, '2015-11-29 08:23:22', '2015-11-29 08:23:22', 586, 0),
(49, '2015-12-06', '2015-12-13', 27, 5, 0, '2015-11-29 08:23:22', '2015-11-29 08:23:22', 606, 0),
(50, '2015-12-06', '2015-12-13', 27, 41, 1, '2015-11-29 08:23:22', '2015-11-29 08:23:23', 611, 0),
(51, '2015-12-06', '2015-12-13', 24, 38, 0, '2015-11-29 08:23:23', '2015-11-29 08:23:23', 631, 0),
(52, '2015-12-06', '2015-12-13', 24, 43, 1, '2015-11-29 08:23:23', '2015-11-29 08:23:23', 636, 0),
(53, '2015-12-06', '2015-12-13', 25, 27, 0, '2015-11-29 08:23:23', '2015-11-29 08:23:23', 656, 0),
(54, '2015-12-06', '2015-12-13', 25, 50, 1, '2015-11-29 08:23:23', '2015-11-29 08:23:23', 661, 0),
(55, '2015-12-06', '2015-12-13', 22, 49, 0, '2015-11-29 08:23:23', '2015-11-29 08:23:23', 671, 0),
(56, '2015-12-06', '2015-12-13', 21, 31, 1, '2015-11-29 08:23:23', '2015-11-29 08:23:23', 691, 0),
(57, '2015-12-06', '2015-12-13', 21, 43, 0, '2015-11-29 08:23:23', '2015-11-29 08:23:23', 696, 0),
(58, '2015-12-06', '2015-12-13', 22, 16, 1, '2015-11-29 08:23:23', '2015-11-29 08:23:23', 701, 0),
(59, '2015-12-06', '2015-12-13', 23, 33, 0, '2015-11-29 08:23:23', '2015-11-29 08:23:23', 731, 0),
(60, '2015-12-06', '2015-12-13', 23, 4, 1, '2015-11-29 08:23:23', '2015-11-29 08:23:24', 736, 0),
(61, '2015-12-06', '2015-12-13', 19, 18, 0, '2015-11-29 08:23:24', '2015-11-29 08:23:24', 746, 0),
(62, '2015-12-06', '2015-12-13', 18, 16, 1, '2015-11-29 08:23:24', '2015-11-29 08:23:24', 766, 0),
(63, '2015-12-06', '2015-12-13', 18, 2, 0, '2015-11-29 08:23:24', '2015-11-29 08:23:24', 771, 0),
(64, '2015-12-06', '2015-12-13', 19, 14, 1, '2015-11-29 08:23:24', '2015-11-29 08:23:24', 781, 0),
(65, '2015-12-06', '2015-12-13', 20, 44, 0, '2015-11-29 08:23:24', '2015-11-29 08:23:24', 806, 0),
(66, '2015-12-06', '2015-12-13', 20, 20, 1, '2015-11-29 08:23:24', '2015-11-29 08:23:24', 811, 0),
(67, '2015-12-06', '2015-12-13', 15, 14, 0, '2015-11-29 08:23:24', '2015-11-29 08:23:24', 841, 0),
(68, '2015-12-06', '2015-12-13', 15, 49, 1, '2015-11-29 08:23:24', '2015-11-29 08:23:24', 846, 0),
(69, '2015-12-06', '2015-12-13', 16, 4, 0, '2015-11-29 08:23:24', '2015-11-29 08:23:24', 861, 0),
(70, '2015-12-06', '2015-12-13', 16, 49, 1, '2015-11-29 08:23:25', '2015-11-29 08:23:25', 866, 0),
(71, '2015-12-06', '2015-12-13', 17, 42, 0, '2015-11-29 08:23:25', '2015-11-29 08:23:25', 881, 0),
(72, '2015-12-06', '2015-12-13', 17, 4, 1, '2015-11-29 08:23:25', '2015-11-29 08:23:25', 886, 0),
(73, '2015-12-06', '2015-12-13', 12, 48, 0, '2015-11-29 08:23:25', '2015-11-29 08:23:25', 911, 0),
(74, '2015-12-06', '2015-12-13', 12, 22, 1, '2015-11-29 08:23:25', '2015-11-29 08:23:25', 916, 0),
(75, '2015-12-06', '2015-12-13', 11, 18, 0, '2015-11-29 08:23:25', '2015-11-29 08:23:25', 936, 0),
(76, '2015-12-06', '2015-12-13', 11, 1, 1, '2015-11-29 08:23:26', '2015-11-29 08:23:26', 941, 0),
(77, '2015-12-06', '2015-12-13', 14, 13, 0, '2015-11-29 08:23:26', '2015-11-29 08:23:26', 961, 0),
(78, '2015-12-06', '2015-12-13', 14, 40, 1, '2015-11-29 08:23:26', '2015-11-29 08:23:26', 966, 0),
(79, '2015-12-06', '2015-12-13', 13, 48, 0, '2015-11-29 08:23:26', '2015-11-29 08:23:26', 986, 0),
(80, '2015-12-06', '2015-12-13', 13, 39, 1, '2015-11-29 08:23:26', '2015-11-29 08:23:26', 991, 0),
(81, '2015-12-06', '2015-12-13', 8, 45, 0, '2015-11-29 08:23:26', '2015-11-29 08:23:26', 1011, 0),
(82, '2015-12-06', '2015-12-13', 8, 28, 1, '2015-11-29 08:23:26', '2015-11-29 08:23:26', 1016, 0),
(83, '2015-12-06', '2015-12-13', 9, 21, 0, '2015-11-29 08:23:26', '2015-11-29 08:23:26', 1031, 0),
(84, '2015-12-06', '2015-12-13', 9, 10, 1, '2015-11-29 08:23:26', '2015-11-29 08:23:26', 1036, 0),
(85, '2015-12-06', '2015-12-13', 10, 26, 0, '2015-11-29 08:23:26', '2015-11-29 08:23:26', 1061, 0),
(86, '2015-12-06', '2015-12-13', 10, 38, 1, '2015-11-29 08:23:26', '2015-11-29 08:23:27', 1076, 0),
(87, '2015-12-06', '2015-12-13', 5, 14, 0, '2015-11-29 08:23:27', '2015-11-29 08:23:27', 1091, 0),
(88, '2015-12-06', '2015-12-13', 5, 8, 1, '2015-11-29 08:23:27', '2015-11-29 08:23:27', 1096, 0),
(89, '2015-12-06', '2015-12-13', 6, 25, 0, '2015-11-29 08:23:27', '2015-11-29 08:23:27', 1121, 0),
(90, '2015-12-06', '2015-12-13', 7, 45, 1, '2015-11-29 08:23:27', '2015-11-29 08:23:27', 1131, 0),
(91, '2015-12-06', '2015-12-13', 7, 4, 0, '2015-11-29 08:23:27', '2015-11-29 08:23:27', 1136, 0),
(92, '2015-12-06', '2015-12-13', 6, 35, 1, '2015-11-29 08:23:27', '2015-11-29 08:23:27', 1151, 0),
(93, '2015-12-06', '2015-12-13', 2, 14, 0, '2015-11-29 08:23:27', '2015-11-29 08:23:27', 1166, 0),
(94, '2015-12-06', '2015-12-13', 2, 32, 1, '2015-11-29 08:23:27', '2015-11-29 08:23:27', 1171, 0),
(95, '2015-12-06', '2015-12-13', 3, 50, 0, '2015-11-29 08:23:27', '2015-11-29 08:23:27', 1196, 0),
(96, '2015-12-06', '2015-12-13', 4, 28, 1, '2015-11-29 08:23:27', '2015-11-29 08:23:27', 1206, 0),
(97, '2015-12-06', '2015-12-13', 4, 7, 0, '2015-11-29 08:23:28', '2015-11-29 08:23:28', 1211, 0),
(98, '2015-12-06', '2015-12-13', 3, 41, 1, '2015-11-29 08:23:28', '2015-11-29 08:23:28', 1226, 0),
(99, '2015-12-06', '2015-12-13', 1, 10, 0, '2015-11-29 08:23:28', '2015-11-30 00:13:13', 1241, 1),
(100, '2015-12-06', '2015-12-13', 1, 49, 1, '2015-11-29 08:23:28', '2015-11-29 08:23:28', 1246, 0),
(102, '2015-11-29', '2016-01-31', 1, 2, 1, '2015-11-29 23:21:23', '2015-11-29 23:27:44', 1253, 0),
(104, '2015-11-29', '2016-01-31', 1, 2, 0, '2015-11-29 23:46:48', '2015-11-29 23:46:48', 1255, 0),
(105, '2015-11-29', '2015-11-30', 1, 2, 0, '2015-11-30 00:14:21', '2015-11-30 00:14:50', 1256, 1),
(106, '2015-12-09', '2015-12-09', 1, 52, 1, '2015-12-10 00:38:16', '2015-12-10 00:45:04', 1258, 0);

-- --------------------------------------------------------

--
-- Estructura de tabla para la tabla `service_requests`
--

CREATE TABLE IF NOT EXISTS `service_requests` (
  `id` int(11) NOT NULL AUTO_INCREMENT,
  `user_id` int(11) DEFAULT NULL,
  `open` tinyint(1) DEFAULT '1',
  `created_at` datetime DEFAULT NULL,
  `updated_at` datetime DEFAULT NULL,
  PRIMARY KEY (`id`),
  KEY `index_service_requests_on_user_id` (`user_id`) USING BTREE
) ENGINE=InnoDB  DEFAULT CHARSET=utf8 COLLATE=utf8_unicode_ci AUTO_INCREMENT=256 ;

--
-- Volcado de datos para la tabla `service_requests`
--

INSERT INTO `service_requests` (`id`, `user_id`, `open`, `created_at`, `updated_at`) VALUES
(1, 1, 1, '2015-11-29 08:21:39', '2015-11-29 08:21:39'),
(2, 1, 0, '2015-11-29 08:21:39', '2015-11-29 08:21:39'),
(3, 1, 0, '2015-11-29 08:21:39', '2015-11-29 08:21:39'),
(4, 1, 1, '2015-11-29 08:21:40', '2015-11-29 08:21:40'),
(5, 1, 1, '2015-11-29 08:21:40', '2015-11-29 08:21:40'),
(6, 2, 1, '2015-11-29 08:21:40', '2015-11-29 08:21:40'),
(7, 2, 0, '2015-11-29 08:21:40', '2015-11-29 08:21:40'),
(8, 2, 0, '2015-11-29 08:21:40', '2015-11-29 08:21:40'),
(9, 2, 1, '2015-11-29 08:21:40', '2015-11-29 08:21:40'),
(10, 2, 1, '2015-11-29 08:21:40', '2015-11-29 08:21:40'),
(11, 3, 1, '2015-11-29 08:21:40', '2015-11-29 08:21:40'),
(12, 3, 0, '2015-11-29 08:21:40', '2015-11-29 08:21:40'),
(13, 3, 0, '2015-11-29 08:21:40', '2015-11-29 08:21:40'),
(14, 3, 1, '2015-11-29 08:21:40', '2015-11-29 08:21:40'),
(15, 3, 1, '2015-11-29 08:21:40', '2015-11-29 08:21:40'),
(16, 4, 1, '2015-11-29 08:21:40', '2015-11-29 08:21:40'),
(17, 4, 0, '2015-11-29 08:21:40', '2015-11-29 08:21:40'),
(18, 4, 0, '2015-11-29 08:21:40', '2015-11-29 08:21:40'),
(19, 4, 1, '2015-11-29 08:21:40', '2015-11-29 08:21:40'),
(20, 4, 1, '2015-11-29 08:21:41', '2015-11-29 08:21:41'),
(21, 5, 1, '2015-11-29 08:21:41', '2015-11-29 08:21:41'),
(22, 5, 0, '2015-11-29 08:21:41', '2015-11-29 08:21:41'),
(23, 5, 0, '2015-11-29 08:21:41', '2015-11-29 08:21:41'),
(24, 5, 1, '2015-11-29 08:21:41', '2015-11-29 08:21:41'),
(25, 5, 1, '2015-11-29 08:21:41', '2015-11-29 08:21:41'),
(26, 6, 1, '2015-11-29 08:21:41', '2015-11-29 08:21:41'),
(27, 6, 0, '2015-11-29 08:21:41', '2015-11-29 08:21:41'),
(28, 6, 0, '2015-11-29 08:21:41', '2015-11-29 08:21:41'),
(29, 6, 1, '2015-11-29 08:21:41', '2015-11-29 08:21:41'),
(30, 6, 1, '2015-11-29 08:21:41', '2015-11-29 08:21:41'),
(31, 7, 1, '2015-11-29 08:21:41', '2015-11-29 08:21:41'),
(32, 7, 0, '2015-11-29 08:21:41', '2015-11-29 08:21:41'),
(33, 7, 0, '2015-11-29 08:21:41', '2015-11-29 08:21:41'),
(34, 7, 1, '2015-11-29 08:21:41', '2015-11-29 08:21:41'),
(35, 7, 1, '2015-11-29 08:21:42', '2015-11-29 08:21:42'),
(36, 8, 1, '2015-11-29 08:21:42', '2015-11-29 08:21:42'),
(37, 8, 0, '2015-11-29 08:21:42', '2015-11-29 08:21:42'),
(38, 8, 0, '2015-11-29 08:21:42', '2015-11-29 08:21:42'),
(39, 8, 1, '2015-11-29 08:21:42', '2015-11-29 08:21:42'),
(40, 8, 1, '2015-11-29 08:21:42', '2015-11-29 08:21:42'),
(41, 9, 1, '2015-11-29 08:21:42', '2015-11-29 08:21:42'),
(42, 9, 0, '2015-11-29 08:21:42', '2015-11-29 08:21:42'),
(43, 9, 0, '2015-11-29 08:21:42', '2015-11-29 08:21:42'),
(44, 9, 1, '2015-11-29 08:21:42', '2015-11-29 08:21:42'),
(45, 9, 1, '2015-11-29 08:21:42', '2015-11-29 08:21:42'),
(46, 10, 1, '2015-11-29 08:21:42', '2015-11-29 08:21:42'),
(47, 10, 0, '2015-11-29 08:21:42', '2015-11-29 08:21:42'),
(48, 10, 0, '2015-11-29 08:21:42', '2015-11-29 08:21:42'),
(49, 10, 1, '2015-11-29 08:21:42', '2015-11-29 08:21:42'),
(50, 10, 1, '2015-11-29 08:21:42', '2015-11-29 08:21:42'),
(51, 11, 1, '2015-11-29 08:21:42', '2015-11-29 08:21:42'),
(52, 11, 0, '2015-11-29 08:21:43', '2015-11-29 08:21:43'),
(53, 11, 0, '2015-11-29 08:21:43', '2015-11-29 08:21:43'),
(54, 11, 1, '2015-11-29 08:21:43', '2015-11-29 08:21:43'),
(55, 11, 1, '2015-11-29 08:21:43', '2015-11-29 08:21:43'),
(56, 12, 1, '2015-11-29 08:21:43', '2015-11-29 08:21:43'),
(57, 12, 0, '2015-11-29 08:21:43', '2015-11-29 08:21:43'),
(58, 12, 0, '2015-11-29 08:21:43', '2015-11-29 08:21:43'),
(59, 12, 1, '2015-11-29 08:21:43', '2015-11-29 08:21:43'),
(60, 12, 1, '2015-11-29 08:21:43', '2015-11-29 08:21:43'),
(61, 13, 1, '2015-11-29 08:21:43', '2015-11-29 08:21:43'),
(62, 13, 0, '2015-11-29 08:21:43', '2015-11-29 08:21:43'),
(63, 13, 0, '2015-11-29 08:21:43', '2015-11-29 08:21:43'),
(64, 13, 1, '2015-11-29 08:21:43', '2015-11-29 08:21:43'),
(65, 13, 1, '2015-11-29 08:21:43', '2015-11-29 08:21:43'),
(66, 14, 1, '2015-11-29 08:21:43', '2015-11-29 08:21:43'),
(67, 14, 0, '2015-11-29 08:21:43', '2015-11-29 08:21:43'),
(68, 14, 0, '2015-11-29 08:21:43', '2015-11-29 08:21:43'),
(69, 14, 1, '2015-11-29 08:21:43', '2015-11-29 08:21:43'),
(70, 14, 1, '2015-11-29 08:21:44', '2015-11-29 08:21:44'),
(71, 15, 1, '2015-11-29 08:21:44', '2015-11-29 08:21:44'),
(72, 15, 0, '2015-11-29 08:21:44', '2015-11-29 08:21:44'),
(73, 15, 0, '2015-11-29 08:21:44', '2015-11-29 08:21:44'),
(74, 15, 1, '2015-11-29 08:21:44', '2015-11-29 08:21:44'),
(75, 15, 1, '2015-11-29 08:21:44', '2015-11-29 08:21:44'),
(76, 16, 1, '2015-11-29 08:21:44', '2015-11-29 08:21:44'),
(77, 16, 0, '2015-11-29 08:21:44', '2015-11-29 08:21:44'),
(78, 16, 0, '2015-11-29 08:21:44', '2015-11-29 08:21:44'),
(79, 16, 1, '2015-11-29 08:21:44', '2015-11-29 08:21:44'),
(80, 16, 1, '2015-11-29 08:21:44', '2015-11-29 08:21:44'),
(81, 17, 1, '2015-11-29 08:21:44', '2015-11-29 08:21:44'),
(82, 17, 0, '2015-11-29 08:21:44', '2015-11-29 08:21:44'),
(83, 17, 0, '2015-11-29 08:21:44', '2015-11-29 08:21:44'),
(84, 17, 1, '2015-11-29 08:21:44', '2015-11-29 08:21:44'),
(85, 17, 1, '2015-11-29 08:21:44', '2015-11-29 08:21:44'),
(86, 18, 1, '2015-11-29 08:21:45', '2015-11-29 08:21:45'),
(87, 18, 0, '2015-11-29 08:21:45', '2015-11-29 08:21:45'),
(88, 18, 0, '2015-11-29 08:21:45', '2015-11-29 08:21:45'),
(89, 18, 1, '2015-11-29 08:21:45', '2015-11-29 08:21:45'),
(90, 18, 1, '2015-11-29 08:21:45', '2015-11-29 08:21:45'),
(91, 19, 1, '2015-11-29 08:21:45', '2015-11-29 08:21:45'),
(92, 19, 0, '2015-11-29 08:21:45', '2015-11-29 08:21:45'),
(93, 19, 0, '2015-11-29 08:21:45', '2015-11-29 08:21:45'),
(94, 19, 1, '2015-11-29 08:21:45', '2015-11-29 08:21:45'),
(95, 19, 1, '2015-11-29 08:21:45', '2015-11-29 08:21:45'),
(96, 20, 1, '2015-11-29 08:21:45', '2015-11-29 08:21:45'),
(97, 20, 0, '2015-11-29 08:21:45', '2015-11-29 08:21:45'),
(98, 20, 0, '2015-11-29 08:21:45', '2015-11-29 08:21:45'),
(99, 20, 1, '2015-11-29 08:21:45', '2015-11-29 08:21:45'),
(100, 20, 1, '2015-11-29 08:21:45', '2015-11-29 08:21:45'),
(101, 21, 1, '2015-11-29 08:21:45', '2015-11-29 08:21:45'),
(102, 21, 0, '2015-11-29 08:21:46', '2015-11-29 08:21:46'),
(103, 21, 0, '2015-11-29 08:21:46', '2015-11-29 08:21:46'),
(104, 21, 1, '2015-11-29 08:21:46', '2015-11-29 08:21:46'),
(105, 21, 1, '2015-11-29 08:21:46', '2015-11-29 08:21:46'),
(106, 22, 1, '2015-11-29 08:21:46', '2015-11-29 08:21:46'),
(107, 22, 0, '2015-11-29 08:21:46', '2015-11-29 08:21:46'),
(108, 22, 0, '2015-11-29 08:21:46', '2015-11-29 08:21:46'),
(109, 22, 1, '2015-11-29 08:21:46', '2015-11-29 08:21:46'),
(110, 22, 1, '2015-11-29 08:21:46', '2015-11-29 08:21:46'),
(111, 23, 1, '2015-11-29 08:21:46', '2015-11-29 08:21:46'),
(112, 23, 0, '2015-11-29 08:21:46', '2015-11-29 08:21:46'),
(113, 23, 0, '2015-11-29 08:21:46', '2015-11-29 08:21:46'),
(114, 23, 1, '2015-11-29 08:21:46', '2015-11-29 08:21:46'),
(115, 23, 1, '2015-11-29 08:21:46', '2015-11-29 08:21:46'),
(116, 24, 1, '2015-11-29 08:21:46', '2015-11-29 08:21:46'),
(117, 24, 0, '2015-11-29 08:21:47', '2015-11-29 08:21:47'),
(118, 24, 0, '2015-11-29 08:21:47', '2015-11-29 08:21:47'),
(119, 24, 1, '2015-11-29 08:21:47', '2015-11-29 08:21:47'),
(120, 24, 1, '2015-11-29 08:21:47', '2015-11-29 08:21:47'),
(121, 25, 1, '2015-11-29 08:21:47', '2015-11-29 08:21:47'),
(122, 25, 0, '2015-11-29 08:21:47', '2015-11-29 08:21:47'),
(123, 25, 0, '2015-11-29 08:21:47', '2015-11-29 08:21:47'),
(124, 25, 1, '2015-11-29 08:21:47', '2015-11-29 08:21:47'),
(125, 25, 1, '2015-11-29 08:21:47', '2015-11-29 08:21:47'),
(126, 26, 1, '2015-11-29 08:21:47', '2015-11-29 08:21:47'),
(127, 26, 0, '2015-11-29 08:21:47', '2015-11-29 08:21:47'),
(128, 26, 0, '2015-11-29 08:21:47', '2015-11-29 08:21:47'),
(129, 26, 1, '2015-11-29 08:21:47', '2015-11-29 08:21:47'),
(130, 26, 1, '2015-11-29 08:21:47', '2015-11-29 08:21:47'),
(131, 27, 1, '2015-11-29 08:21:47', '2015-11-29 08:21:47'),
(132, 27, 0, '2015-11-29 08:21:47', '2015-11-29 08:21:47'),
(133, 27, 0, '2015-11-29 08:21:47', '2015-11-29 08:21:47'),
(134, 27, 1, '2015-11-29 08:21:47', '2015-11-29 08:21:47'),
(135, 27, 1, '2015-11-29 08:21:48', '2015-11-29 08:21:48'),
(136, 28, 1, '2015-11-29 08:21:48', '2015-11-29 08:21:48'),
(137, 28, 0, '2015-11-29 08:21:48', '2015-11-29 08:21:48'),
(138, 28, 0, '2015-11-29 08:21:48', '2015-11-29 08:21:48'),
(139, 28, 1, '2015-11-29 08:21:48', '2015-11-29 08:21:48'),
(140, 28, 1, '2015-11-29 08:21:48', '2015-11-29 08:21:48'),
(141, 29, 1, '2015-11-29 08:21:48', '2015-11-29 08:21:48'),
(142, 29, 0, '2015-11-29 08:21:48', '2015-11-29 08:21:48'),
(143, 29, 0, '2015-11-29 08:21:48', '2015-11-29 08:21:48'),
(144, 29, 1, '2015-11-29 08:21:48', '2015-11-29 08:21:48'),
(145, 29, 1, '2015-11-29 08:21:48', '2015-11-29 08:21:48'),
(146, 30, 1, '2015-11-29 08:21:48', '2015-11-29 08:21:48'),
(147, 30, 0, '2015-11-29 08:21:48', '2015-11-29 08:21:48'),
(148, 30, 0, '2015-11-29 08:21:48', '2015-11-29 08:21:48'),
(149, 30, 1, '2015-11-29 08:21:48', '2015-11-29 08:21:48'),
(150, 30, 1, '2015-11-29 08:21:48', '2015-11-29 08:21:48'),
(151, 31, 1, '2015-11-29 08:21:49', '2015-11-29 08:21:49'),
(152, 31, 0, '2015-11-29 08:21:49', '2015-11-29 08:21:49'),
(153, 31, 0, '2015-11-29 08:21:49', '2015-11-29 08:21:49'),
(154, 31, 1, '2015-11-29 08:21:49', '2015-11-29 08:21:49'),
(155, 31, 1, '2015-11-29 08:21:49', '2015-11-29 08:21:49'),
(156, 32, 1, '2015-11-29 08:21:49', '2015-11-29 08:21:49'),
(157, 32, 0, '2015-11-29 08:21:49', '2015-11-29 08:21:49'),
(158, 32, 0, '2015-11-29 08:21:49', '2015-11-29 08:21:49'),
(159, 32, 1, '2015-11-29 08:21:50', '2015-11-29 08:21:50'),
(160, 32, 1, '2015-11-29 08:21:50', '2015-11-29 08:21:50'),
(161, 33, 1, '2015-11-29 08:21:50', '2015-11-29 08:21:50'),
(162, 33, 0, '2015-11-29 08:21:50', '2015-11-29 08:21:50'),
(163, 33, 0, '2015-11-29 08:21:50', '2015-11-29 08:21:50'),
(164, 33, 1, '2015-11-29 08:21:50', '2015-11-29 08:21:50'),
(165, 33, 1, '2015-11-29 08:21:50', '2015-11-29 08:21:50'),
(166, 34, 1, '2015-11-29 08:21:50', '2015-11-29 08:21:50'),
(167, 34, 0, '2015-11-29 08:21:50', '2015-11-29 08:21:50'),
(168, 34, 0, '2015-11-29 08:21:50', '2015-11-29 08:21:50'),
(169, 34, 1, '2015-11-29 08:21:50', '2015-11-29 08:21:50'),
(170, 34, 1, '2015-11-29 08:21:50', '2015-11-29 08:21:50'),
(171, 35, 1, '2015-11-29 08:21:50', '2015-11-29 08:21:50'),
(172, 35, 0, '2015-11-29 08:21:50', '2015-11-29 08:21:50'),
(173, 35, 0, '2015-11-29 08:21:50', '2015-11-29 08:21:50'),
(174, 35, 1, '2015-11-29 08:21:51', '2015-11-29 08:21:51'),
(175, 35, 1, '2015-11-29 08:21:51', '2015-11-29 08:21:51'),
(176, 36, 1, '2015-11-29 08:21:51', '2015-11-29 08:21:51'),
(177, 36, 0, '2015-11-29 08:21:51', '2015-11-29 08:21:51'),
(178, 36, 0, '2015-11-29 08:21:51', '2015-11-29 08:21:51'),
(179, 36, 1, '2015-11-29 08:21:51', '2015-11-29 08:21:51'),
(180, 36, 1, '2015-11-29 08:21:51', '2015-11-29 08:21:51'),
(181, 37, 1, '2015-11-29 08:21:51', '2015-11-29 08:21:51'),
(182, 37, 0, '2015-11-29 08:21:51', '2015-11-29 08:21:51'),
(183, 37, 0, '2015-11-29 08:21:51', '2015-11-29 08:21:51'),
(184, 37, 1, '2015-11-29 08:21:51', '2015-11-29 08:21:51'),
(185, 37, 1, '2015-11-29 08:21:51', '2015-11-29 08:21:51'),
(186, 38, 1, '2015-11-29 08:21:51', '2015-11-29 08:21:51'),
(187, 38, 0, '2015-11-29 08:21:51', '2015-11-29 08:21:51'),
(188, 38, 0, '2015-11-29 08:21:51', '2015-11-29 08:21:51'),
(189, 38, 1, '2015-11-29 08:21:51', '2015-11-29 08:21:51'),
(190, 38, 1, '2015-11-29 08:21:51', '2015-11-29 08:21:51'),
(191, 39, 1, '2015-11-29 08:21:51', '2015-11-29 08:21:51'),
(192, 39, 0, '2015-11-29 08:21:52', '2015-11-29 08:21:52'),
(193, 39, 0, '2015-11-29 08:21:52', '2015-11-29 08:21:52'),
(194, 39, 1, '2015-11-29 08:21:52', '2015-11-29 08:21:52'),
(195, 39, 1, '2015-11-29 08:21:52', '2015-11-29 08:21:52'),
(196, 40, 1, '2015-11-29 08:21:52', '2015-11-29 08:21:52'),
(197, 40, 0, '2015-11-29 08:21:52', '2015-11-29 08:21:52'),
(198, 40, 0, '2015-11-29 08:21:52', '2015-11-29 08:21:52'),
(199, 40, 1, '2015-11-29 08:21:52', '2015-11-29 08:21:52'),
(200, 40, 1, '2015-11-29 08:21:52', '2015-11-29 08:21:52'),
(201, 41, 1, '2015-11-29 08:21:52', '2015-11-29 08:21:52'),
(202, 41, 0, '2015-11-29 08:21:52', '2015-11-29 08:21:52'),
(203, 41, 0, '2015-11-29 08:21:52', '2015-11-29 08:21:52'),
(204, 41, 1, '2015-11-29 08:21:52', '2015-11-29 08:21:52'),
(205, 41, 1, '2015-11-29 08:21:52', '2015-11-29 08:21:52'),
(206, 42, 1, '2015-11-29 08:21:52', '2015-11-29 08:21:52'),
(207, 42, 0, '2015-11-29 08:21:53', '2015-11-29 08:21:53'),
(208, 42, 0, '2015-11-29 08:21:53', '2015-11-29 08:21:53'),
(209, 42, 1, '2015-11-29 08:21:53', '2015-11-29 08:21:53'),
(210, 42, 1, '2015-11-29 08:21:53', '2015-11-29 08:21:53'),
(211, 43, 1, '2015-11-29 08:21:53', '2015-11-29 08:21:53'),
(212, 43, 0, '2015-11-29 08:21:53', '2015-11-29 08:21:53'),
(213, 43, 0, '2015-11-29 08:21:53', '2015-11-29 08:21:53'),
(214, 43, 1, '2015-11-29 08:21:53', '2015-11-29 08:21:53'),
(215, 43, 1, '2015-11-29 08:21:53', '2015-11-29 08:21:53'),
(216, 44, 1, '2015-11-29 08:21:53', '2015-11-29 08:21:53'),
(217, 44, 0, '2015-11-29 08:21:53', '2015-11-29 08:21:53'),
(218, 44, 0, '2015-11-29 08:21:53', '2015-11-29 08:21:53'),
(219, 44, 1, '2015-11-29 08:21:53', '2015-11-29 08:21:53'),
(220, 44, 1, '2015-11-29 08:21:53', '2015-11-29 08:21:53'),
(221, 45, 1, '2015-11-29 08:21:53', '2015-11-29 08:21:53'),
(222, 45, 0, '2015-11-29 08:21:54', '2015-11-29 08:21:54'),
(223, 45, 0, '2015-11-29 08:21:54', '2015-11-29 08:21:54'),
(224, 45, 1, '2015-11-29 08:21:54', '2015-11-29 08:21:54'),
(225, 45, 1, '2015-11-29 08:21:54', '2015-11-29 08:21:54'),
(226, 46, 1, '2015-11-29 08:21:54', '2015-11-29 08:21:54'),
(227, 46, 0, '2015-11-29 08:21:54', '2015-11-29 08:21:54'),
(228, 46, 0, '2015-11-29 08:21:54', '2015-11-29 08:21:54'),
(229, 46, 1, '2015-11-29 08:21:54', '2015-11-29 08:21:54'),
(230, 46, 1, '2015-11-29 08:21:54', '2015-11-29 08:21:54'),
(231, 47, 1, '2015-11-29 08:21:54', '2015-11-29 08:21:54'),
(232, 47, 0, '2015-11-29 08:21:54', '2015-11-29 08:21:54'),
(233, 47, 0, '2015-11-29 08:21:54', '2015-11-29 08:21:54'),
(234, 47, 1, '2015-11-29 08:21:54', '2015-11-29 08:21:54'),
(235, 47, 1, '2015-11-29 08:21:54', '2015-11-29 08:21:54'),
(236, 48, 1, '2015-11-29 08:21:54', '2015-11-29 08:21:54'),
(237, 48, 0, '2015-11-29 08:21:54', '2015-11-29 08:21:54'),
(238, 48, 0, '2015-11-29 08:21:54', '2015-11-29 08:21:54'),
(239, 48, 1, '2015-11-29 08:21:54', '2015-11-29 08:21:54'),
(240, 48, 1, '2015-11-29 08:21:55', '2015-11-29 08:21:55'),
(241, 49, 1, '2015-11-29 08:21:55', '2015-11-29 08:21:55'),
(242, 49, 0, '2015-11-29 08:21:55', '2015-11-29 08:21:55'),
(243, 49, 0, '2015-11-29 08:21:55', '2015-11-29 08:21:55'),
(244, 49, 1, '2015-11-29 08:21:55', '2015-11-29 08:21:55'),
(245, 49, 1, '2015-11-29 08:21:55', '2015-11-29 08:21:55'),
(246, 50, 1, '2015-11-29 08:21:55', '2015-11-29 08:21:55'),
(247, 50, 0, '2015-11-29 08:21:55', '2015-11-29 08:21:55'),
(248, 50, 0, '2015-11-29 08:21:55', '2015-11-29 08:21:55'),
(249, 50, 1, '2015-11-29 08:21:55', '2015-11-29 08:21:55'),
(250, 50, 1, '2015-11-29 08:21:55', '2015-11-29 08:21:55'),
(251, 1, 1, '2015-11-29 19:24:24', '2015-11-29 19:24:24'),
(252, 1, 0, '2015-11-29 19:45:28', '2015-11-29 23:21:23'),
(253, 1, 0, '2015-11-29 23:42:22', '2015-11-29 23:46:48'),
(254, 1, 0, '2015-11-30 00:13:51', '2015-11-30 00:14:21'),
(255, 1, 0, '2015-12-10 00:18:12', '2015-12-10 00:38:16');

-- --------------------------------------------------------

--
-- Estructura de tabla para la tabla `tags`
--

CREATE TABLE IF NOT EXISTS `tags` (
  `id` int(11) NOT NULL AUTO_INCREMENT,
  `name` varchar(255) COLLATE utf8_unicode_ci DEFAULT NULL,
  `description` text COLLATE utf8_unicode_ci,
  `created_at` datetime DEFAULT NULL,
  `updated_at` datetime DEFAULT NULL,
  PRIMARY KEY (`id`)
) ENGINE=InnoDB  DEFAULT CHARSET=utf8 COLLATE=utf8_unicode_ci AUTO_INCREMENT=7 ;

--
-- Volcado de datos para la tabla `tags`
--

INSERT INTO `tags` (`id`, `name`, `description`, `created_at`, `updated_at`) VALUES
(1, 'Programación', 'Habilidades para programar', '2015-11-29 08:21:39', '2015-11-29 08:21:39'),
(2, 'Diseño', 'Una hablidad creativa', '2015-11-29 08:21:39', '2015-11-29 08:21:39'),
(3, 'Domésticas', 'Habilidades para realizar labores domésticas', '2015-11-29 08:21:39', '2015-11-29 08:21:39'),
(4, 'Educativa', 'Habilidades para la enseñanza', '2015-11-29 08:21:39', '2015-11-29 08:21:39'),
(5, 'Transporte', 'Trasladarse a distintos lugares', '2015-11-29 08:21:39', '2015-11-29 08:21:39'),
(6, 'Decorativa', 'Habilidades para la decoración de todo tipo', '2015-11-29 08:21:39', '2015-11-29 08:21:39');

-- --------------------------------------------------------

--
-- Estructura de tabla para la tabla `users`
--

CREATE TABLE IF NOT EXISTS `users` (
  `id` int(11) NOT NULL AUTO_INCREMENT,
  `name` varchar(255) COLLATE utf8_unicode_ci DEFAULT NULL,
  `last_name` varchar(255) COLLATE utf8_unicode_ci DEFAULT NULL,
  `email` varchar(255) COLLATE utf8_unicode_ci DEFAULT NULL,
  `password_digest` varchar(255) COLLATE utf8_unicode_ci DEFAULT NULL,
  `remember_digest` varchar(255) COLLATE utf8_unicode_ci DEFAULT NULL,
  `created_at` datetime DEFAULT NULL,
  `updated_at` datetime DEFAULT NULL,
  PRIMARY KEY (`id`),
  UNIQUE KEY `index_users_on_email` (`email`) USING BTREE
) ENGINE=InnoDB  DEFAULT CHARSET=utf8 COLLATE=utf8_unicode_ci AUTO_INCREMENT=53 ;

--
-- Volcado de datos para la tabla `users`
--

INSERT INTO `users` (`id`, `name`, `last_name`, `email`, `password_digest`, `remember_digest`, `created_at`, `updated_at`) VALUES
(1, 'Admin', NULL, 'admin@admin.com', '$2a$10$u7.L58XfjvFA9jSnJiqvuOK3rzjY8Jol0u84vu8a6piD3nI6tO38q', NULL, '2015-11-29 08:21:27', '2015-11-29 08:21:27'),
(2, 'valid', NULL, 'valid@valid.com', '$2a$10$rvDVdXqWdUmJU1J35tMcHO/vWcc33JIPA.8zeA9yWSp3Z9vPyqORi', NULL, '2015-11-29 08:21:27', '2015-11-29 08:21:27'),
(3, 'Van Hilpert Sr.', NULL, 'example-1@cadenafavores.org', '$2a$10$R6Nt8KmJJFHUseoaiyb2GuczcUA/Tuc/VEnqI8wiakVSIYNqEHKmG', NULL, '2015-11-29 08:21:28', '2015-11-29 08:21:28'),
(4, 'Darius Fahey', NULL, 'example-2@cadenafavores.org', '$2a$10$O6IzinWAIBKmpZtN0j.n8ui4u3bn20bwkd2b0zep9H86I.cSk0Cw2', NULL, '2015-11-29 08:21:29', '2015-11-29 08:21:29'),
(5, 'Bradford Weimann Jr.', NULL, 'example-3@cadenafavores.org', '$2a$10$3XZdX9C50PrJUqHP/qvRRuTRJji8SkwsxQC69YSzpCSMHTOJGmn5W', NULL, '2015-11-29 08:21:29', '2015-11-29 08:21:29'),
(6, 'Claude Bartell', NULL, 'example-4@cadenafavores.org', '$2a$10$RD/eY4MgQ4BC0WVxpNHrN.UZiZ0iXkgoPVYDoC/Guki56Zyr8lp5.', NULL, '2015-11-29 08:21:29', '2015-11-29 08:21:29'),
(7, 'Johnathan Nader', NULL, 'example-5@cadenafavores.org', '$2a$10$BiA/jqUDF/543as0xjPIfO7DrI9wfazeyuto5kgJXFXsQlbUZPPEe', NULL, '2015-11-29 08:21:29', '2015-11-29 08:21:29'),
(8, 'Josephine Murray', NULL, 'example-6@cadenafavores.org', '$2a$10$8jFsnzyikCP8SJmEnb963eYqRGLPX1qHhpVY1bhypxsxdNs2lzu0a', NULL, '2015-11-29 08:21:29', '2015-11-29 08:21:29'),
(9, 'Mr. Vicenta Hoppe', NULL, 'example-7@cadenafavores.org', '$2a$10$VB/ZvmokHHeONG03j3kHIuB.316G3jlPbsmMrLtEbaKRR.y1QEgIa', NULL, '2015-11-29 08:21:29', '2015-11-29 08:21:29'),
(10, 'Miss Alexys Rice', NULL, 'example-8@cadenafavores.org', '$2a$10$G8lpW4pKz3xXGFgMTbuIjunolF5tgfGCvj2jBDlCpL6PhiV6Jnwwy', NULL, '2015-11-29 08:21:30', '2015-11-29 08:21:30'),
(11, 'Keeley Erdman', NULL, 'example-9@cadenafavores.org', '$2a$10$ZbyOJY6Us7Qt4pNxHeGEMeR37naEOYAO4u8anctxJDY8/.54Vt2/W', NULL, '2015-11-29 08:21:30', '2015-11-29 08:21:30'),
(12, 'Warren Aufderhar', NULL, 'example-10@cadenafavores.org', '$2a$10$J74nCUyS6y2IpeQnbQgI5e9PlxvCtgGaohLNKnzxA0JptbYHqlQ4.', NULL, '2015-11-29 08:21:30', '2015-11-29 08:21:30'),
(13, 'Dr. Fredy Jacobi', NULL, 'example-11@cadenafavores.org', '$2a$10$D2s8mq6lcvyG6frH4IZYGeyMtJsRIhPw3inlVjolcXHMN5DVbyRiO', NULL, '2015-11-29 08:21:30', '2015-11-29 08:21:30'),
(14, 'Kenny Douglas', NULL, 'example-12@cadenafavores.org', '$2a$10$DnDt2uOYvCmf/uhKp7pEpO9Wu1EaL4d4Hu1L8HfBrgETGjW7UzP/a', NULL, '2015-11-29 08:21:30', '2015-11-29 08:21:30'),
(15, 'Kylie Altenwerth', NULL, 'example-13@cadenafavores.org', '$2a$10$TgpGuC5B54UbSilxts7zm.GeU4bc5ONgwUzYMoqNQiF0nZllLxtaK', NULL, '2015-11-29 08:21:31', '2015-11-29 08:21:31'),
(16, 'Keyon Klein', NULL, 'example-14@cadenafavores.org', '$2a$10$kSOPADsIIpVes8H0PRtS6.MJJdgUs3lMuHqixBOK7gIfQLd4O0FrO', NULL, '2015-11-29 08:21:31', '2015-11-29 08:21:31'),
(17, 'Mavis Borer Jr.', NULL, 'example-15@cadenafavores.org', '$2a$10$2WLd1eHxGzGlJTcTZv2hMeCn0/JF8Jly9ntpYMafBJjO94U/L3Boe', NULL, '2015-11-29 08:21:31', '2015-11-29 08:21:31'),
(18, 'Cara Feeney', NULL, 'example-16@cadenafavores.org', '$2a$10$7EtEuZTGwCSCnD502vRYLubabLvaNw4JxUywHQ0dVNuLnzVW/u7/W', NULL, '2015-11-29 08:21:32', '2015-11-29 08:21:32'),
(19, 'Madonna Purdy', NULL, 'example-17@cadenafavores.org', '$2a$10$1ew3TqyseOEvuiyffx.3keLVvIkvBGMxb1prSIPu/19Zupphi.Mki', NULL, '2015-11-29 08:21:32', '2015-11-29 08:21:32'),
(20, 'Mrs. Wilburn Kirlin', NULL, 'example-18@cadenafavores.org', '$2a$10$i0isVvw6greNnnectz0mju15O/RgPuG48Rp8nLm1oBsv9c4yblkCK', NULL, '2015-11-29 08:21:33', '2015-11-29 08:21:33'),
(21, 'Miss Raymond Zemlak', NULL, 'example-19@cadenafavores.org', '$2a$10$nxGbC6o7uE3d5vm76zUGT./ONCMSRcEIfxbZiURpTz9dUhYYtuBjy', NULL, '2015-11-29 08:21:33', '2015-11-29 08:21:33'),
(22, 'Amelia Murray', NULL, 'example-20@cadenafavores.org', '$2a$10$mSaUrXGSfBfC2ey5M/R60.XQ3heMMd3qMgTzvg07Gn30n2sEAeFuS', NULL, '2015-11-29 08:21:34', '2015-11-29 08:21:34'),
(23, 'Alyson Rau', NULL, 'example-21@cadenafavores.org', '$2a$10$saiiDvXuGjZD6pjNYWH.WuIIW5vIUeCzrSGYKFYoMsZZUViRnKMHq', NULL, '2015-11-29 08:21:34', '2015-11-29 08:21:34'),
(24, 'Tierra Torphy', NULL, 'example-22@cadenafavores.org', '$2a$10$KeuFhOkWAGi8utK9eDO54eswbBcBPaNc89tPRAtDqN0iTI7AH/ami', NULL, '2015-11-29 08:21:34', '2015-11-29 08:21:34'),
(25, 'Maria Bechtelar', NULL, 'example-23@cadenafavores.org', '$2a$10$gusPv74teYq4QkkSnkFyvOGXjAQQ1NuzSDvNXe2HaHr.ZmZmnDaN6', NULL, '2015-11-29 08:21:34', '2015-11-29 08:21:34'),
(26, 'Ozella Champlin', NULL, 'example-24@cadenafavores.org', '$2a$10$upW8./yE2NENe/X8tSePOOCT2GA13tMEEuWUGb9MPMIRfffeSTbZq', NULL, '2015-11-29 08:21:34', '2015-11-29 08:21:34'),
(27, 'Lyla Champlin', NULL, 'example-25@cadenafavores.org', '$2a$10$oj7wcPjL6Yc1.8qNifbMv.acsGoMQFeG68jWnkvsQY9mYjg/ATI1e', NULL, '2015-11-29 08:21:34', '2015-11-29 08:21:34'),
(28, 'Kasey Reilly', NULL, 'example-26@cadenafavores.org', '$2a$10$W1GGCLqYijcxDJgIlgkeSOEJLEJqOO6kNfs.2EXw6BQor4bYY6W..', NULL, '2015-11-29 08:21:35', '2015-11-29 08:21:35'),
(29, 'Gaetano Keebler', NULL, 'example-27@cadenafavores.org', '$2a$10$s0ck4kpl/daR93U9M2L9rekogO6MWgQUelGz3334sCttvN4PqH0rq', NULL, '2015-11-29 08:21:35', '2015-11-29 08:21:35'),
(30, 'Ms. Ara Roob', NULL, 'example-28@cadenafavores.org', '$2a$10$fA4Zeu8isexEnp/E2CHtvOUAGr03LcZDrjrFbWI/wgkIpPjXdZPOS', NULL, '2015-11-29 08:21:35', '2015-11-29 08:21:35'),
(31, 'Ms. Brenna Hackett', NULL, 'example-29@cadenafavores.org', '$2a$10$qmCGu2sT2zyoWy6PKzORf.8CjGRY03/2ZgbmGq0Iip0sBA/v6WHF2', NULL, '2015-11-29 08:21:35', '2015-11-29 08:21:35'),
(32, 'Clair Pouros', NULL, 'example-30@cadenafavores.org', '$2a$10$LHkHjdVVbj.MuTQz5GRAUeBJGd1H8uh219Dv4bpGXc1aa7056E3dG', NULL, '2015-11-29 08:21:35', '2015-11-29 08:21:35'),
(33, 'Ahmed Effertz', NULL, 'example-31@cadenafavores.org', '$2a$10$Cq9ZEGVfeqj.cAU5g6WOC.4b.OxlqJa5vV5RRgJVnmSey4biAahUi', NULL, '2015-11-29 08:21:36', '2015-11-29 08:21:36'),
(34, 'Effie Heller', NULL, 'example-32@cadenafavores.org', '$2a$10$bgPrSJOJBwuQTE91TP51iu6IE86ZOF1vlDAMx2id8MwPLa7LAUdCW', NULL, '2015-11-29 08:21:36', '2015-11-29 08:21:36'),
(35, 'Reed Stokes', NULL, 'example-33@cadenafavores.org', '$2a$10$.G0i2yxoyc1yGj4NfgJ0z..0c.zpg6myTCsGrUZncTEoPXK6hcwUu', NULL, '2015-11-29 08:21:36', '2015-11-29 08:21:36'),
(36, 'Matilda Waelchi', NULL, 'example-34@cadenafavores.org', '$2a$10$jWpvRxxHeyQt15.iM67ws.ememwwfUTisVJwOtsdEWvrGp/wVuT76', NULL, '2015-11-29 08:21:36', '2015-11-29 08:21:36'),
(37, 'Edward Schmeler', NULL, 'example-35@cadenafavores.org', '$2a$10$7OsFrmC.Ee4R84QxvpUTduGnpStTqsKkYdqIMakZibyEeO5sX.XoK', NULL, '2015-11-29 08:21:36', '2015-11-29 08:21:36'),
(38, 'Stephan Becker', NULL, 'example-36@cadenafavores.org', '$2a$10$7xiLoRYC9fhmBCH9d3RA6Or9gG/crHcgJo1iqCS8iLT3yFEb8sQ6.', NULL, '2015-11-29 08:21:36', '2015-11-29 08:21:36'),
(39, 'Jodie Dare', NULL, 'example-37@cadenafavores.org', '$2a$10$AifHs9yAsLH.0.Ihr2b2puC1IrcZqvvmeiM8U9mlyNwzW91CBzRPW', NULL, '2015-11-29 08:21:37', '2015-11-29 08:21:37'),
(40, 'Abagail Kertzmann', NULL, 'example-38@cadenafavores.org', '$2a$10$APwqN.tlHa0N1AvhkfIv6.Yp7/YbP.Q3/5VHzEmG7LMdvvd8KYRMG', NULL, '2015-11-29 08:21:37', '2015-11-29 08:21:37'),
(41, 'Frederik Parisian', NULL, 'example-39@cadenafavores.org', '$2a$10$mCDCUAF0tYTZHCn8RYKzE.RH3HrncAiLrrQGk1hVIIbZEX5pHTuom', NULL, '2015-11-29 08:21:37', '2015-11-29 08:21:37'),
(42, 'Nelda Graham', NULL, 'example-40@cadenafavores.org', '$2a$10$d3AhAkxTZjzUaaYIPXzfqeuAtkCrEn8GDgGzf2yQ2YlxEAUbaG4DK', NULL, '2015-11-29 08:21:37', '2015-11-29 08:21:37'),
(43, 'Norris Hyatt', NULL, 'example-41@cadenafavores.org', '$2a$10$fvm1Gi/yP.nDnmHRfBom0.kJ2h9kFH.AjlfliVsHhs5gUQ/ESgLom', NULL, '2015-11-29 08:21:37', '2015-11-29 08:21:37'),
(44, 'German Koch', NULL, 'example-42@cadenafavores.org', '$2a$10$5KKc5GLGuSQhoGrIVYG/EuVsIFeFlKIbSDvSC/8A6LGFL64enXGku', NULL, '2015-11-29 08:21:38', '2015-11-29 08:21:38'),
(45, 'Fredy Cartwright', NULL, 'example-43@cadenafavores.org', '$2a$10$WlMQk/sMofQJWvlF4x6TeOaD9/.cfVLNQzqSqTMLz.VpxgsSCIkXa', NULL, '2015-11-29 08:21:38', '2015-11-29 08:21:38'),
(46, 'Jay Ward', NULL, 'example-44@cadenafavores.org', '$2a$10$T7hl6QdR67eSo0VEC/PK2eNTEFICdGL9TrPrWvGRW0SlpBz6/aMei', NULL, '2015-11-29 08:21:38', '2015-11-29 08:21:38'),
(47, 'Mrs. Flo Reynolds', NULL, 'example-45@cadenafavores.org', '$2a$10$/CZYJbdWzoEIcNslUx6WourMRj00lMoE4va1ze9lG/DESIgTmNnJ6', NULL, '2015-11-29 08:21:38', '2015-11-29 08:21:38'),
(48, 'Krystal Schmitt', NULL, 'example-46@cadenafavores.org', '$2a$10$0WuZyeFEjLkmV4yI9Q2q3emdS2Jvxa6AR3qczZoDOhkwWFZDpJ77C', NULL, '2015-11-29 08:21:38', '2015-11-29 08:21:38'),
(49, 'Daphney Sanford', NULL, 'example-47@cadenafavores.org', '$2a$10$jrRjw9RYZKS0RRqvAoRL4.PPfL3gyxktPU/LrtXMIR.wjH0thOyN6', NULL, '2015-11-29 08:21:39', '2015-11-29 08:21:39'),
(50, 'Mrs. Remington Okuneva', NULL, 'example-48@cadenafavores.org', '$2a$10$bDsI7WUMFK42RDv4GXFN3uY6X.fxutf.kEMFrO7fbdlGoXzwXUtAK', NULL, '2015-11-29 08:21:39', '2015-11-29 08:21:39'),
(51, 'Miguel Coronel', NULL, 'm.coronel.com@gmail.com', '$2a$10$4lXLsBRRx26Jg4A5GgK.tuZ7/T6Y7gROKAgFyJ0mB5PYOKX8JGHgq', NULL, '2015-12-09 08:20:38', '2015-12-09 08:20:38'),
(52, 'Juan Contreras', NULL, 'jcontreras@gmail.com', '$2a$10$zQCHcLErrKg0qeWOySkt4.slvu.PBoYXyH46wyioHQNb9Rl1iVvcy', NULL, '2015-12-10 00:23:02', '2015-12-10 00:23:02');

/*!40101 SET CHARACTER_SET_CLIENT=@OLD_CHARACTER_SET_CLIENT */;
/*!40101 SET CHARACTER_SET_RESULTS=@OLD_CHARACTER_SET_RESULTS */;
/*!40101 SET COLLATION_CONNECTION=@OLD_COLLATION_CONNECTION */;
